,CURRENT_GAME_ID,GAME_DATE_EST,TEAM_NAME_AWAY,TEAM_NAME_HOME,WIN_HOME,NET_RTG_HOME,NET_RTG_AWAY
0,21601228,1.4919552e+18,Kings,Clippers,1.0,12.743670016459333,12.34904626662454
0,21601226,1.4919552e+18,Hawks,Pacers,1.0,2.526393638413168,4.509327335842784
0,21601220,1.4919552e+18,76ers,Knicks,1.0,-7.00135934436716,-6.65742251004643
0,21601221,1.4919552e+18,Wizards,Heat,1.0,-0.051189472514124645,0.45655769125438894
0,21601218,1.4919552e+18,Raptors,Cavaliers,0.0,0.8550291066893152,2.6470452027945583
0,21601224,1.4919552e+18,Timberwolves,Rockets,1.0,-2.3723477359474856,0.4648431976934546
0,21601219,1.4919552e+18,Bucks,Celtics,1.0,1.9818145413075428,2.1283923338151
0,21601222,1.4919552e+18,Nets,Bulls,1.0,9.726034087534032,3.5096108858912487
0,21601229,1.4919552e+18,Lakers,Warriors,1.0,14.151105870037924,15.444883842788244
0,21601230,1.4919552e+18,Pelicans,Trail Blazers,0.0,8.194684638239735,6.937222064338158
0,21601223,1.4919552e+18,Mavericks,Grizzlies,0.0,-3.343769707315971,-4.255016273541017
0,21601225,1.4919552e+18,Nuggets,Thunder,0.0,-2.384472448640338,-0.5919711656915325
0,21601217,1.4919552e+18,Pistons,Magic,1.0,-9.22400246684326,-4.753041633338242
0,21601227,1.4919552e+18,Spurs,Jazz,1.0,6.535871083910251,5.992506696741728
0,21601215,1.4918688e+18,Pelicans,Lakers,1.0,-4.789528448378874,-7.142230003031202
0,21601213,1.4918688e+18,Thunder,Timberwolves,0.0,-5.58344502717469,-5.3968167606756055
0,21601212,1.4918688e+18,Hornets,Hawks,1.0,-0.9299960540422632,-1.7765402001042503
0,21601214,1.4918688e+18,Nuggets,Mavericks,0.0,-6.537306303115884,-5.107385766963091
0,21601216,1.4918688e+18,Suns,Kings,1.0,-8.805421818431995,-6.6265247844444275
0,21601210,1.4917824e+18,Rockets,Clippers,1.0,10.54078673066293,9.559565358930428
0,21601208,1.4917824e+18,Wizards,Pistons,0.0,-5.365346971962921,-6.538935068059871
0,21601205,1.4917824e+18,Cavaliers,Heat,1.0,1.8235770057992227,2.2470520179232807
0,21601204,1.4917824e+18,Nets,Celtics,1.0,2.540222212420545,1.737405567261888
0,21601206,1.4917824e+18,Magic,Bulls,1.0,4.403823514625714,2.855294988740212
0,21601211,1.4917824e+18,Jazz,Warriors,0.0,16.952039459726038,12.988406706274446
0,21601209,1.4917824e+18,Spurs,Trail Blazers,1.0,9.890812587153391,6.331683734288845
0,21601207,1.4917824e+18,Hornets,Bucks,1.0,-0.9755647072730369,-2.2764318296595576
0,21601203,1.4917824e+18,Pacers,76ers,0.0,-9.656142668577743,-7.609563665464336
0,21601202,1.491696e+18,Timberwolves,Lakers,1.0,-5.184870384858257,-6.490285595828439
0,21601196,1.491696e+18,Raptors,Knicks,0.0,-6.05303650175,-4.107887769653416
0,21601197,1.491696e+18,Cavaliers,Hawks,1.0,-2.329420372612347,-5.528511418417253
0,21601198,1.491696e+18,Thunder,Nuggets,0.0,-2.528909434047364,-7.147318967053721
0,21601201,1.491696e+18,Pistons,Grizzlies,0.0,-3.4819274679641836,-4.680377226283099
0,21601199,1.491696e+18,Mavericks,Suns,1.0,-7.7695541114973,-11.679227081106177
0,21601200,1.491696e+18,Rockets,Kings,0.0,-10.22743056956483,-10.248010649451757
0,21601193,1.4916096e+18,Clippers,Spurs,0.0,7.704782701718116,7.600210498551121
0,21601192,1.4916096e+18,Heat,Wizards,0.0,-1.3371055317990113,-2.7250501032589227
0,21601195,1.4916096e+18,Pelicans,Warriors,1.0,16.521112848401202,13.364047102613824
0,21601194,1.4916096e+18,Jazz,Trail Blazers,1.0,7.733091417602623,8.079885422787342
0,21601189,1.4916096e+18,Celtics,Hornets,0.0,2.8247902576861463,4.082075372939983
0,21601190,1.4916096e+18,Pacers,Magic,0.0,-2.521088680949859,-1.840547237362813
0,21601191,1.4916096e+18,Bucks,76ers,0.0,-9.088113310823019,-9.252386308826928
0,21601188,1.4916096e+18,Bulls,Nets,1.0,5.074685138484043,6.8127467791127
0,21601187,1.4915232e+18,Kings,Lakers,1.0,-5.819221674905833,-5.327958433996287
0,21601179,1.4915232e+18,Hawks,Cavaliers,0.0,2.5006942887605703,0.5154497708655015
0,21601182,1.4915232e+18,Pistons,Rockets,0.0,-0.4107176858390176,-0.7908477979838011
0,21601183,1.4915232e+18,Spurs,Mavericks,0.0,-5.603936786006798,-4.987869636459251
0,21601180,1.4915232e+18,Heat,Raptors,1.0,6.986525273874349,9.294216464462465
0,21601184,1.4915232e+18,Pelicans,Nuggets,1.0,-4.92003886186572,-4.519829003967999
0,21601181,1.4915232e+18,Knicks,Grizzlies,1.0,-4.332560970100175,-5.236423661167578
0,21601186,1.4915232e+18,Thunder,Suns,1.0,-12.066134455236721,-10.858410261302211
0,21601185,1.4915232e+18,Timberwolves,Jazz,1.0,4.310023328967446,1.3088679093881552
0,21601175,1.4914368e+18,Bucks,Pacers,1.0,-3.190584165447035,-7.423767820484883
0,21601176,1.4914368e+18,Wizards,Knicks,0.0,-5.671944535367331,-6.746688413716299
0,21601177,1.4914368e+18,Celtics,Hawks,1.0,-7.518023517994081,-9.209532348475634
0,21601178,1.4914368e+18,Timberwolves,Trail Blazers,1.0,8.48185208100486,9.14995422278173
0,21601174,1.4914368e+18,Nets,Magic,1.0,-6.55603817828181,-1.888377950776416
0,21601173,1.4914368e+18,Bulls,76ers,0.0,-6.946543345563896,-6.05249259916269
0,21601172,1.4913504e+18,Mavericks,Clippers,1.0,9.1983318518365,6.69726151473796
0,21601170,1.4913504e+18,Lakers,Spurs,0.0,8.50459172233316,8.19493437786403
0,21601166,1.4913504e+18,Raptors,Pistons,0.0,-8.482299704073071,-9.290738902011086
0,21601168,1.4913504e+18,Nuggets,Rockets,1.0,2.4571659547036546,2.111017394048929
0,21601169,1.4913504e+18,Cavaliers,Celtics,0.0,5.51429392475508,5.756620865131509
0,21601165,1.4913504e+18,Heat,Hornets,0.0,5.387726254378208,5.612088784445177
0,21601167,1.4913504e+18,Thunder,Grizzlies,0.0,-2.9556666394186095,1.1973389307443085
0,21601171,1.4913504e+18,Warriors,Suns,0.0,-11.011275768688577,-8.533305832955278
0,21601161,1.491264e+18,Grizzlies,Spurs,1.0,6.53493455034463,4.884417107147854
0,21601157,1.491264e+18,Raptors,Pacers,1.0,-1.4628949954855415,0.08566671343176324
0,21601155,1.491264e+18,Hornets,Wizards,1.0,-3.344328132461868,0.706232923693193
0,21601160,1.491264e+18,Bulls,Knicks,1.0,-6.033223662935356,-3.1498688272185547
0,21601156,1.491264e+18,Magic,Cavaliers,1.0,-4.5488192630692055,-6.1448263375790475
0,21601162,1.491264e+18,Timberwolves,Warriors,1.0,20.581913413360127,17.48540184865415
0,21601158,1.491264e+18,Nuggets,Pelicans,0.0,5.749528389472786,6.634608720931709
0,21601159,1.491264e+18,Bucks,Thunder,1.0,2.865948796023943,3.417153062719308
0,21601154,1.491264e+18,Nets,76ers,0.0,0.20930375226573972,1.7651232384035183
0,21601164,1.491264e+18,Trail Blazers,Jazz,1.0,3.252999835806719,4.522178783390856
0,21601163,1.491264e+18,Mavericks,Kings,1.0,-12.036292967102057,-11.924429328649808
0,21600940,1.4911776e+18,Trail Blazers,Timberwolves,1.0,-4.613845355739798,-3.107347796719793
0,21601143,1.4910912e+18,Grizzlies,Lakers,1.0,-13.895233972476532,-11.381713986590569
0,21601151,1.4910912e+18,Jazz,Spurs,1.0,6.701222707608082,7.475705175956449
0,21601145,1.4910912e+18,Celtics,Knicks,0.0,-5.57695553752238,-5.978910806287288
0,21601150,1.4910912e+18,Pacers,Cavaliers,1.0,-1.152030583181002,-4.757432585941302
0,21601149,1.4910912e+18,Nuggets,Heat,0.0,2.191306947535125,1.7000667150917081
0,21601147,1.4910912e+18,76ers,Raptors,1.0,10.390779173775016,6.785377171014687
0,21601152,1.4910912e+18,Wizards,Warriors,1.0,18.177843600747053,16.027040938199377
0,21601144,1.4910912e+18,Mavericks,Bucks,0.0,1.2054292403921352,-0.29296750857335496
0,21601146,1.4910912e+18,Bulls,Pelicans,0.0,9.17163206555253,7.0376622131237525
0,21601142,1.4910912e+18,Hornets,Thunder,0.0,4.623943701817751,6.477834931950596
0,21601148,1.4910912e+18,Hawks,Nets,1.0,2.7559166905845416,1.5426958991342872
0,21601153,1.4910912e+18,Rockets,Suns,0.0,-11.37633290552182,-11.351367029527609
0,21601137,1.4910048e+18,Lakers,Clippers,1.0,7.350015312483308,5.571463680972371
0,21601140,1.4910048e+18,Kings,Timberwolves,0.0,-5.078153801350766,-8.665889346360132
0,21601138,1.4910048e+18,Hawks,Bulls,1.0,1.8427542297749255,1.779360542755768
0,21601141,1.4910048e+18,Suns,Trail Blazers,1.0,9.472378834246797,7.071000064537358
0,21601139,1.4910048e+18,Magic,Nets,1.0,0.8248056049848884,0.8721072129614384
0,21601128,1.4909184e+18,76ers,Cavaliers,1.0,-4.20886572000407,-4.14547203298487
0,21601133,1.4909184e+18,Knicks,Heat,0.0,4.494651075552881,0.3435386549258794
0,21601129,1.4909184e+18,Magic,Celtics,1.0,3.2707467534754784,3.8449034998999423
0,21601126,1.4909184e+18,Pacers,Raptors,1.0,7.400427658968908,6.980216507184309
0,21601136,1.4909184e+18,Rockets,Warriors,1.0,14.940289833876122,12.181414502525215
0,21601127,1.4909184e+18,Nuggets,Hornets,1.0,-0.5667431859564687,-2.5067520062697497
0,21601130,1.4909184e+18,Pistons,Bucks,1.0,-0.7145258204007945,-1.4409531855114466
0,21601131,1.4909184e+18,Mavericks,Grizzlies,1.0,-2.210138789864871,-3.854916281538621
0,21601132,1.4909184e+18,Kings,Pelicans,1.0,7.047209484737365,2.767876769627307
0,21601135,1.4909184e+18,Spurs,Thunder,0.0,6.431312376758399,4.756271277293322
0,21601134,1.4909184e+18,Wizards,Jazz,1.0,3.6552455517674503,-1.0059383899055376
0,21601123,1.490832e+18,Lakers,Timberwolves,1.0,-6.110752240089823,-7.038206294161
0,21601121,1.490832e+18,Nets,Pistons,1.0,-10.596463822454552,-11.263839830738036
0,21601122,1.490832e+18,Cavaliers,Bulls,1.0,-1.0378016653896793,-5.674763391237434
0,21601125,1.490832e+18,Rockets,Trail Blazers,1.0,9.064937982081574,6.722947313558379
0,21601124,1.490832e+18,Clippers,Suns,0.0,-11.357098571911152,-10.000984093527777
0,21601119,1.4907456e+18,Wizards,Clippers,1.0,5.519747977875042,5.917118188623931
0,21601118,1.4907456e+18,Warriors,Spurs,0.0,8.553789367046164,6.392298469141821
0,21601115,1.4907456e+18,Heat,Knicks,0.0,-7.519534311704533,-9.303837438817254
0,21601113,1.4907456e+18,Bucks,Celtics,0.0,5.5407285336549705,5.333041184362855
0,21601114,1.4907456e+18,Hornets,Raptors,0.0,7.595342179193423,5.058660586839835
0,21601116,1.4907456e+18,Pacers,Grizzlies,1.0,-4.783727464307759,-4.087368970712006
0,21601117,1.4907456e+18,Mavericks,Pelicans,1.0,5.33680766500234,6.742068929839959
0,21601112,1.4907456e+18,Thunder,Magic,0.0,-8.606350819510226,-7.009700137038337
0,21601111,1.4907456e+18,Hawks,76ers,0.0,2.8101360608584542,2.649904241518584
0,21601120,1.4907456e+18,Jazz,Kings,0.0,-7.653190176539013,-7.494009113023708
0,21601110,1.4906592e+18,Wizards,Lakers,0.0,-11.507763369645701,-7.793185734496291
0,21601104,1.4906592e+18,Timberwolves,Pacers,0.0,1.7975791526166205,-1.4609947079253516
0,21601106,1.4906592e+18,Suns,Hawks,1.0,-5.496796596019095,-5.1175109697344965
0,21601107,1.4906592e+18,Heat,Pistons,0.0,-10.047373494020263,-9.365336333663436
0,21601108,1.4906592e+18,Warriors,Rockets,0.0,6.4362677483201765,6.781496468031108
0,21601109,1.4906592e+18,Nuggets,Trail Blazers,1.0,7.219358968774728,2.5578083250649115
0,21601103,1.4906592e+18,Bucks,Hornets,0.0,3.2906543495807767,0.554544496400311
0,21601105,1.4906592e+18,76ers,Nets,0.0,2.6596051511192655,-0.5126615424335057
0,21601099,1.4905728e+18,Cavaliers,Spurs,1.0,6.613823181577331,4.2956606343881845
0,21601098,1.4905728e+18,Pistons,Knicks,1.0,-8.02929295437383,-10.407061686323388
0,21601100,1.4905728e+18,Thunder,Mavericks,0.0,-7.116143571133492,-7.149739753877725
0,21601097,1.4905728e+18,Magic,Raptors,1.0,6.922843912561206,8.431841348864182
0,21601102,1.4905728e+18,Pelicans,Jazz,1.0,0.7564736765526021,4.982013092927318
0,21601101,1.4905728e+18,Grizzlies,Kings,1.0,-9.961093874500506,-11.5712257189425
0,21601096,1.4904864e+18,Trail Blazers,Lakers,0.0,-10.309635122024389,-8.995851216817485
0,21601089,1.4904864e+18,Kings,Clippers,0.0,6.8898637955073525,3.2646919708060835
0,21601092,1.4904864e+18,76ers,Pacers,1.0,-0.9672148005638235,1.0167379262936294
0,21601088,1.4904864e+18,Nets,Hawks,0.0,-5.035558320587228,-5.940558827052428
0,21601091,1.4904864e+18,Thunder,Rockets,1.0,7.100549815569337,8.934725973091489
0,21601093,1.4904864e+18,Heat,Celtics,1.0,2.9808960420673998,0.5383561479795418
0,21601094,1.4904864e+18,Grizzlies,Warriors,1.0,11.065219771714297,8.029708250552801
0,21601087,1.4904864e+18,Suns,Hornets,1.0,3.262467235493091,3.5448270687807337
0,21601095,1.4904864e+18,Pelicans,Nuggets,0.0,8.52514502677684,7.348441072236739
0,21601090,1.4904864e+18,Bulls,Bucks,0.0,3.1433658309021837,1.0048750876552646
0,21601082,1.4904e+18,Jazz,Clippers,1.0,3.174077653439454,4.3374095046964385
0,21601085,1.4904e+18,Knicks,Spurs,1.0,6.575240483898384,3.7296553850852376
0,21601083,1.4904e+18,Wizards,Cavaliers,0.0,1.4768289019085614,2.0777739077868347
0,21601084,1.4904e+18,Raptors,Mavericks,0.0,-3.9800553397231937,-2.74740196145747
0,21601086,1.4904e+18,Timberwolves,Trail Blazers,1.0,5.744662187636848,3.359971730337449
0,21601080,1.4903136e+18,Timberwolves,Lakers,1.0,-12.406597877695347,-11.09713318057338
0,21601075,1.4903136e+18,Nuggets,Pacers,0.0,-0.244247824805214,0.9657146716673992
0,21601072,1.4903136e+18,Nets,Wizards,1.0,-2.7220608552743926,-0.3480614602106158
0,21601079,1.4903136e+18,Pelicans,Rockets,1.0,8.295504645672509,9.166267916784534
0,21601076,1.4903136e+18,Suns,Celtics,1.0,2.5478407928726483,-0.17984962428670315
0,21601077,1.4903136e+18,76ers,Bulls,0.0,-3.2681831930358527,-8.435278433840224
0,21601081,1.4903136e+18,Kings,Warriors,1.0,9.915076569401279,5.369098515944856
0,21601073,1.4903136e+18,Cavaliers,Hornets,0.0,5.9000592191096075,4.508393931564939
0,21601078,1.4903136e+18,Hawks,Bucks,1.0,4.024956369818767,1.9159964141366856
0,21601074,1.4903136e+18,Pistons,Magic,1.0,-11.538869283993819,-13.799200511893773
0,21601070,1.4902272e+18,Grizzlies,Spurs,1.0,6.131190956012048,3.851600065018218
0,21601068,1.4902272e+18,Raptors,Heat,0.0,9.255478786402364,7.4270550418355015
0,21601069,1.4902272e+18,Clippers,Mavericks,1.0,-3.9106913711193556,0.8434059746773528
0,21601071,1.4902272e+18,Knicks,Trail Blazers,1.0,4.843100439890804,4.492463052599888
0,21601067,1.4902272e+18,Suns,Nets,1.0,0.7694086318417703,-1.4370997846800435
0,21601063,1.4901408e+18,Hawks,Wizards,1.0,-2.1253392812527068,-2.266389575155415
0,21601060,1.4901408e+18,Pacers,Celtics,1.0,3.930150111127219,3.019570675464891
0,21601061,1.4901408e+18,Pistons,Bulls,1.0,-7.267205479806037,-7.255444842379774
0,21601064,1.4901408e+18,Cavaliers,Nuggets,1.0,6.739023370323153,7.407339949190501
0,21601062,1.4901408e+18,76ers,Thunder,1.0,0.6217213237740822,2.2995881949704113
0,21601059,1.4901408e+18,Hornets,Magic,0.0,-10.068371230323706,-8.32137202851554
0,21601066,1.4901408e+18,Knicks,Jazz,1.0,3.3729497258394048,3.1489661352441374
0,21601065,1.4901408e+18,Bucks,Kings,0.0,-7.2764509136196125,-4.745303960399568
0,21601058,1.4900544e+18,Clippers,Lakers,0.0,-10.836162632427857,-9.682187611975905
0,21601056,1.4900544e+18,Spurs,Timberwolves,0.0,3.563837159473337,6.817859142733255
0,21601053,1.4900544e+18,Suns,Heat,1.0,9.87733806358321,9.603591986548068
0,21601055,1.4900544e+18,Warriors,Mavericks,0.0,-1.9807448612004492,-0.9951181064819394
0,21601051,1.4900544e+18,Bulls,Raptors,1.0,3.449175036106652,2.336159716032924
0,21601057,1.4900544e+18,Bucks,Trail Blazers,0.0,5.789165871435358,0.9186693562158723
0,21601054,1.4900544e+18,Grizzlies,Pelicans,1.0,4.832864936796554,4.431736596141121
0,21601052,1.4900544e+18,Pistons,Nets,1.0,-1.5942500524839858,0.8228857582817568
0,21601050,1.489968e+18,Knicks,Clippers,1.0,1.8232335605012793,-2.418471982899362
0,21601046,1.489968e+18,Jazz,Pacers,1.0,0.20396474292621747,1.31698006299996
0,21601048,1.489968e+18,Nuggets,Rockets,1.0,6.869077003819669,6.097079822027453
0,21601047,1.489968e+18,Wizards,Celtics,1.0,3.4791072833455274,3.7586246491478335
0,21601044,1.489968e+18,Hawks,Hornets,1.0,1.9728794382702972,-0.4591973698604903
0,21601049,1.489968e+18,Warriors,Thunder,0.0,1.739592755311449,2.9900944635437554
0,21601045,1.489968e+18,76ers,Magic,1.0,-11.668364700866007,-10.751036001029746
0,21601043,1.4898816e+18,Cavaliers,Lakers,0.0,-12.983185449225317,-15.75389696408962
0,21601042,1.4898816e+18,Kings,Spurs,1.0,3.664300448410657,2.120083846681027
0,21601038,1.4898816e+18,Suns,Pistons,1.0,-3.879174847601547,-2.4652770164056506
0,21601041,1.4898816e+18,Trail Blazers,Heat,0.0,10.388273665477456,10.734718696668168
0,21601040,1.4898816e+18,Pacers,Raptors,1.0,1.5655879345797103,3.009671187424644
0,21601039,1.4898816e+18,Timberwolves,Pelicans,1.0,3.1706238543647203,0.20264790821366319
0,21601037,1.4898816e+18,Celtics,76ers,1.0,-5.393257865804799,-10.083304056766949
0,21601036,1.4898816e+18,Mavericks,Nets,0.0,-0.14256926516689816,-4.8326154561290195
0,21601031,1.4897952e+18,Cavaliers,Clippers,1.0,-3.0902274170658757,-0.6069586746615556
0,21601029,1.4897952e+18,Trail Blazers,Hawks,0.0,0.7831139167240337,2.926686082803343
0,21601032,1.4897952e+18,Jazz,Bulls,1.0,-8.980321077649393,-9.92297385788865
0,21601035,1.4897952e+18,Bucks,Warriors,1.0,1.9101682242292668,-1.1773596840998835
0,21601030,1.4897952e+18,Wizards,Hornets,1.0,1.1439864785596967,4.127674060836327
0,21601034,1.4897952e+18,Rockets,Nuggets,0.0,8.716274045453744,5.587056633645545
0,21601033,1.4897952e+18,Spurs,Grizzlies,1.0,-1.772884478928077,-3.9164566450073863
0,21601028,1.4897952e+18,Kings,Thunder,1.0,-1.072435967347218,-1.7825989567331106
0,21601027,1.4897088e+18,Bucks,Lakers,0.0,-14.09540569948777,-9.953484832578965
0,21601021,1.4897088e+18,Bulls,Wizards,1.0,0.31854948152120244,0.5998866917857129
0,21601023,1.4897088e+18,Raptors,Pistons,0.0,-2.8965412939271147,-3.4941359660943334
0,21601025,1.4897088e+18,Timberwolves,Heat,1.0,11.164958858643558,8.136636119618075
0,21601024,1.4897088e+18,Rockets,Pelicans,1.0,-0.23532840991776993,5.123394585648043
0,21601020,1.4897088e+18,Mavericks,76ers,1.0,-10.31480928734095,-9.143374378838118
0,21601022,1.4897088e+18,Celtics,Nets,0.0,-1.5278403339921027,-1.265053124654301
0,21601026,1.4897088e+18,Magic,Suns,0.0,-3.8396997031996705,-6.092983901026855
0,21601016,1.4896224e+18,Nets,Knicks,0.0,-2.682762979001936,-4.929886320246851
0,21601017,1.4896224e+18,Grizzlies,Hawks,0.0,-0.27566608454259267,1.3574569664504281
0,21601014,1.4896224e+18,Jazz,Cavaliers,1.0,-1.3777414016582838,-4.348434297626028
0,21601015,1.4896224e+18,Thunder,Raptors,0.0,3.6523566154156413,2.086180737036443
0,21601019,1.4896224e+18,Magic,Warriors,1.0,0.02707933126863793,-0.9293988410883713
0,21601018,1.4896224e+18,Clippers,Nuggets,1.0,9.018072986268407,5.668740455520336
0,21601013,1.489536e+18,Bucks,Clippers,0.0,-2.0058218858996923,-2.153389048249821
0,21601011,1.489536e+18,Trail Blazers,Spurs,0.0,8.428890853707571,4.795643801651877
0,21601005,1.489536e+18,Hornets,Pacers,1.0,-1.3270801003067874,-0.506854635561325
0,21601004,1.489536e+18,Mavericks,Wizards,0.0,0.07182984583967311,-0.9673516403463793
0,21601008,1.489536e+18,Jazz,Pistons,0.0,-1.514734412111622,4.092754463041231
0,21601007,1.489536e+18,Pelicans,Heat,1.0,10.91274731248194,13.5227477232565
0,21601010,1.489536e+18,Lakers,Rockets,1.0,7.161709236422979,3.3675138600233794
0,21601006,1.489536e+18,Timberwolves,Celtics,1.0,0.6836438152388382,0.3216895910050397
0,21601009,1.489536e+18,Grizzlies,Bulls,0.0,-5.858914856518638,-4.592441364313544
0,21601012,1.489536e+18,Kings,Suns,0.0,-3.4497656636312968,-1.5348380055342687
0,21601001,1.4894496e+18,Pacers,Knicks,1.0,-6.069379363318575,-4.45439591831996
0,21600999,1.4894496e+18,Pistons,Cavaliers,1.0,-3.2999330273849097,-0.3538359314440669
0,21601003,1.4894496e+18,76ers,Warriors,1.0,1.7863201137679283,4.831735764957713
0,21601002,1.4894496e+18,Trail Blazers,Pelicans,1.0,-2.9152864503938645,-2.204591647834846
0,21601000,1.4894496e+18,Thunder,Nets,0.0,-3.801710093681592,-5.112916083648386
0,21600994,1.4893632e+18,Hawks,Spurs,1.0,10.241267204106776,10.052672700953096
0,21600995,1.4893632e+18,Wizards,Timberwolves,1.0,8.075716071067603,9.81337876012526
0,21600992,1.4893632e+18,Mavericks,Raptors,1.0,0.7968686209834885,2.724157352652398
0,21600991,1.4893632e+18,Bulls,Hornets,0.0,5.930843242142785,4.333551603180069
0,21600998,1.4893632e+18,Lakers,Nuggets,1.0,4.561826497495986,2.5755983692104536
0,21600993,1.4893632e+18,Bucks,Grizzlies,1.0,-7.055543419671935,-3.529455797887252
0,21600996,1.4893632e+18,Clippers,Jazz,1.0,4.299726742154846,5.955719775327097
0,21600997,1.4893632e+18,Magic,Kings,1.0,-9.785499463574638,-9.891029415430353
0,21600990,1.4892768e+18,76ers,Lakers,0.0,-9.595431809907808,-12.050547206583005
0,21600987,1.4892768e+18,Heat,Pacers,1.0,-3.1386634906289146,0.2772422063981992
0,21600989,1.4892768e+18,Cavaliers,Rockets,1.0,9.781584855098316,9.228038466565991
0,21600985,1.4892768e+18,Bulls,Celtics,1.0,-1.1317182125818164,-1.3439206158700614
0,21600986,1.4892768e+18,Knicks,Nets,1.0,-6.443118490791335,-7.809360718399262
0,21600988,1.4892768e+18,Trail Blazers,Suns,0.0,1.6764130366287162,1.4948658833490498
0,21600974,1.4891904e+18,76ers,Clippers,1.0,-2.1199941222844103,-4.372846277630771
0,21600980,1.4891904e+18,Warriors,Spurs,1.0,7.966756719168657,9.185448783573719
0,21600975,1.4891904e+18,Knicks,Pistons,1.0,0.01837110141529763,-1.878036660725229
0,21600979,1.4891904e+18,Raptors,Heat,1.0,9.146652594521754,7.870404807125581
0,21600982,1.4891904e+18,Suns,Mavericks,0.0,2.086001341656768,0.21840011654167313
0,21600976,1.4891904e+18,Pelicans,Hornets,0.0,6.511812335659968,0.8345483531075644
0,21600983,1.4891904e+18,Wizards,Trail Blazers,0.0,5.1935183933448315,4.903176625244598
0,21600978,1.4891904e+18,Timberwolves,Bucks,1.0,4.121429656264908,2.234893700101736
0,21600981,1.4891904e+18,Hawks,Grizzlies,0.0,-6.566567150119383,-4.60810414768568
0,21600973,1.4891904e+18,Jazz,Thunder,1.0,-3.7359534811568267,-3.8514798334623492
0,21600977,1.4891904e+18,Cavaliers,Magic,0.0,-6.482269085045644,-2.597378187785722
0,21600984,1.4891904e+18,Nuggets,Kings,0.0,-8.276136313475973,-5.955510900394273
0,21600968,1.489104e+18,Warriors,Timberwolves,1.0,11.23701992775348,7.8293053578826175
0,21600969,1.489104e+18,Raptors,Hawks,1.0,-4.772404493560273,-3.671590174462537
0,21600966,1.489104e+18,Rockets,Bulls,0.0,-4.55264216399307,-4.745594791279274
0,21600971,1.489104e+18,Nets,Mavericks,1.0,4.595507785951938,3.3993065997163967
0,21600965,1.489104e+18,Magic,Hornets,1.0,1.434285922179214,3.1417653635221967
0,21600970,1.489104e+18,Celtics,Nuggets,1.0,1.4221715023688688,3.7801178320135875
0,21600967,1.489104e+18,Pacers,Bucks,1.0,3.684490710810536,4.993301443690726
0,21600972,1.489104e+18,Wizards,Kings,0.0,-7.090866617620463,-4.666326861700668
0,21600960,1.4890176e+18,Cavaliers,Pistons,1.0,-1.0344286574901247,0.5524205054496463
0,21600963,1.4890176e+18,76ers,Trail Blazers,1.0,2.1136808236629747,-0.9635284845727199
0,21600961,1.4890176e+18,Clippers,Grizzlies,0.0,-2.915632785153065,-3.496685468293961
0,21600962,1.4890176e+18,Spurs,Thunder,1.0,-3.4526126054403647,-0.73285135257359
0,21600964,1.4890176e+18,Lakers,Suns,0.0,-0.9235670627716956,-2.0382925539112335
0,21600957,1.4889312e+18,Kings,Spurs,1.0,9.202980836983869,7.42724710207321
0,21600956,1.4889312e+18,Pistons,Pacers,1.0,-6.2667877585682845,-3.672651918869377
0,21600955,1.4889312e+18,Clippers,Timberwolves,1.0,9.436458156317144,11.482746833302429
0,21600950,1.4889312e+18,Nets,Hawks,1.0,-4.698955855244364,-1.8485388785849892
0,21600951,1.4889312e+18,Hornets,Heat,1.0,7.0953157459105825,7.417917778635527
0,21600954,1.4889312e+18,Jazz,Rockets,0.0,11.959100694522888,13.395401782615167
0,21600959,1.4889312e+18,Celtics,Warriors,0.0,8.281056152327324,5.485374126183544
0,21600958,1.4889312e+18,Wizards,Nuggets,0.0,0.8362750803545822,-0.37700597194496765
0,21600952,1.4889312e+18,Knicks,Bucks,1.0,4.687408288193836,4.223550879610642
0,21600953,1.4889312e+18,Raptors,Pelicans,0.0,-2.435891390292724,-1.9979991087328983
0,21600949,1.4889312e+18,Bulls,Magic,1.0,-6.062976557095041,-6.264364924579468
0,21600947,1.4888448e+18,Lakers,Mavericks,1.0,4.058982646950213,1.5933788708475731
0,21600946,1.4888448e+18,Trail Blazers,Thunder,0.0,-0.9006818783073385,1.8895366541295715
0,21600948,1.4888448e+18,Wizards,Suns,0.0,0.9951669235970257,1.9745768444381753
0,21600945,1.4887584e+18,Celtics,Clippers,1.0,-0.9034329891402422,-1.8721930858335867
0,21600942,1.4887584e+18,Rockets,Spurs,1.0,9.694442582786252,11.334398099227187
0,21600937,1.4887584e+18,Warriors,Hawks,0.0,-2.4165988496751254,-1.2696305242279635
0,21600938,1.4887584e+18,Bulls,Pistons,1.0,0.6216027929207257,-4.040095094990619
0,21600936,1.4887584e+18,Heat,Cavaliers,0.0,0.8432626235178304,7.362126348679382
0,21600941,1.4887584e+18,Pacers,Hornets,1.0,-0.20839488862257838,-1.6644263795040928
0,21600943,1.4887584e+18,Kings,Nuggets,1.0,-0.043643854774103374,1.924420542955744
0,21600939,1.4887584e+18,Nets,Grizzlies,0.0,0.9135599222016424,1.9573078711684389
0,21600935,1.4887584e+18,Knicks,Magic,0.0,-7.104801290821555,-7.423439781003623
0,21600934,1.4887584e+18,Bucks,76ers,0.0,-4.6742693053754465,-0.7781418565146367
0,21600944,1.4887584e+18,Pelicans,Jazz,1.0,-0.8242713877479986,0.2537047957552687
0,21600933,1.488672e+18,Pelicans,Lakers,0.0,-9.70812211166492,-8.65393851203126
0,21600930,1.488672e+18,Magic,Wizards,1.0,2.843571376250253,5.045577959832059
0,21600928,1.488672e+18,Warriors,Knicks,0.0,-4.294274803231886,-5.0752595060245795
0,21600927,1.488672e+18,Pacers,Hawks,0.0,-5.375880788693678,-4.746077955335323
0,21600932,1.488672e+18,Thunder,Mavericks,1.0,2.1359799222984464,0.9620716964589207
0,21600929,1.488672e+18,Celtics,Suns,1.0,-0.8143854235086536,0.21121357941375152
0,21600931,1.488672e+18,Jazz,Kings,0.0,-4.126423038197245,-1.2280797469292253
0,21600925,1.4885856e+18,Timberwolves,Spurs,1.0,7.0625072472258665,9.940549364460423
0,21600921,1.4885856e+18,Cavaliers,Heat,1.0,5.110863163170023,6.79542414648553
0,21600924,1.4885856e+18,Grizzlies,Rockets,1.0,9.598142322931011,7.254335364391224
0,21600922,1.4885856e+18,Clippers,Bulls,0.0,-6.1708718735119135,-8.739518104543535
0,21600926,1.4885856e+18,Nets,Trail Blazers,1.0,-1.7022490320114514,-4.484335185364415
0,21600923,1.4885856e+18,Hornets,Nuggets,0.0,0.488839769888159,-3.1842208355661796
0,21600920,1.4885856e+18,Raptors,Bucks,1.0,-0.2013262972252079,-0.49538979985355525
0,21600919,1.4885856e+18,Pistons,76ers,0.0,-2.2680124088494154,-5.150559658869881
0,21600918,1.4884992e+18,Celtics,Lakers,0.0,-9.003278626597464,-7.1342100959913495
0,21600910,1.4884992e+18,Raptors,Wizards,0.0,5.724077564424164,3.9942010262212477
0,21600913,1.4884992e+18,Cavaliers,Hawks,0.0,-1.5950732415094109,-3.3727205550263903
0,21600914,1.4884992e+18,Grizzlies,Mavericks,1.0,-0.6378082128221081,1.9799942274966185
0,21600912,1.4884992e+18,Clippers,Bucks,1.0,0.9956022104367577,0.5126016226824959
0,21600917,1.4884992e+18,Spurs,Pelicans,0.0,-3.0301386899969884,-5.5663363480315695
0,21600911,1.4884992e+18,Heat,Magic,1.0,-9.64516908169017,-5.441563981342142
0,21600909,1.4884992e+18,Knicks,76ers,1.0,-4.33267973816271,-0.1290746378146963
0,21600916,1.4884992e+18,Thunder,Suns,1.0,-2.4443121627292186,-5.395738371006473
0,21600915,1.4884992e+18,Nets,Jazz,1.0,4.238175562686308,8.441805445938897
0,21600906,1.4884128e+18,Warriors,Bulls,1.0,-7.21326062363454,-5.674860988543472
0,21600908,1.4884128e+18,Thunder,Trail Blazers,1.0,-3.168355917633548,-1.6302327704775763
0,21600907,1.4884128e+18,Hornets,Suns,1.0,-7.477967639179482,-4.76874398177155
0,21600904,1.4883264e+18,Rockets,Clippers,0.0,-2.402340898245569,-3.447485275571509
0,21600902,1.4883264e+18,Pacers,Spurs,1.0,11.05188703198155,9.66297527816954
0,21600897,1.4883264e+18,Mavericks,Hawks,1.0,-1.4598615341034247,-2.3518499932389716
0,21600898,1.4883264e+18,76ers,Heat,1.0,6.116140751864549,5.8284405195491615
0,21600901,1.4883264e+18,Cavaliers,Celtics,1.0,1.8891518696525509,4.414587182498863
0,21600896,1.4883264e+18,Wizards,Raptors,0.0,2.311637732192665,2.4667689177266823
0,21600899,1.4883264e+18,Nuggets,Bucks,0.0,1.835134783880946,4.526338306833253
0,21600900,1.4883264e+18,Pistons,Pelicans,1.0,-7.299594102580826,-5.930790854271947
0,21600895,1.4883264e+18,Knicks,Magic,0.0,-9.613080699440289,-12.255811563661524
0,21600903,1.4883264e+18,Timberwolves,Jazz,0.0,8.771768602886922,11.196506199809278
0,21600905,1.4883264e+18,Nets,Kings,0.0,-2.794357534762284,-2.674793950674456
0,21600894,1.48824e+18,Hornets,Lakers,0.0,-8.135039742133515,-5.888994417714827
0,21600889,1.48824e+18,Warriors,Wizards,1.0,7.193532377736744,9.56175958230915
0,21600890,1.48824e+18,Trail Blazers,Pistons,1.0,-0.6745105824254267,-0.8683298477483987
0,21600891,1.48824e+18,Nuggets,Bulls,0.0,-1.6915135949085993,-4.190017941741402
0,21600892,1.48824e+18,Suns,Grizzlies,1.0,3.92216091361081,2.5339703986009
0,21600893,1.48824e+18,Jazz,Thunder,1.0,-3.567549663059438,-2.980532766667281
0,21600882,1.4881536e+18,Raptors,Knicks,0.0,-7.541811745882356,-6.895464273271571
0,21600884,1.4881536e+18,Bucks,Cavaliers,1.0,9.819518135009645,12.025386553613316
0,21600886,1.4881536e+18,Pacers,Rockets,0.0,9.57047693392164,6.794100158749174
0,21600887,1.4881536e+18,Heat,Mavericks,1.0,2.4805544864544657,2.8192633614891776
0,21600885,1.4881536e+18,Hawks,Celtics,0.0,4.192006615752604,1.2837810690352285
0,21600883,1.4881536e+18,Warriors,76ers,0.0,-4.836650367555265,-3.219874068156088
0,21600888,1.4881536e+18,Timberwolves,Kings,0.0,-1.8114012294579425,-0.7646319011645488
0,21600881,1.4880672e+18,Hornets,Clippers,1.0,-1.203660407347769,1.427906204776903
0,21600874,1.4880672e+18,Spurs,Lakers,0.0,-6.751307536189046,-4.366712372032566
0,21600877,1.4880672e+18,Jazz,Wizards,0.0,9.958280767592669,12.694966538190684
0,21600879,1.4880672e+18,Celtics,Pistons,0.0,1.7919686961052577,0.6988475556708522
0,21600878,1.4880672e+18,Trail Blazers,Raptors,1.0,1.000888337613958,1.0456503940674082
0,21600876,1.4880672e+18,Grizzlies,Nuggets,0.0,-2.2010997836314345,-5.419893368703228
0,21600875,1.4880672e+18,Suns,Bucks,1.0,-0.03299976623318912,0.7164059702434287
0,21600880,1.4880672e+18,Pelicans,Thunder,1.0,-5.271558472776036,-8.509024253239005
0,21600868,1.4879808e+18,76ers,Knicks,1.0,-7.973447323774707,-4.4351636626252
0,21600871,1.4879808e+18,Bulls,Cavaliers,0.0,10.55213266754015,9.001129040511998
0,21600869,1.4879808e+18,Pacers,Heat,1.0,7.812408535772818,7.838562547313998
0,21600872,1.4879808e+18,Timberwolves,Rockets,1.0,9.469872466745372,8.20022035466063
0,21600870,1.4879808e+18,Pelicans,Mavericks,1.0,1.6173105404167245,0.34765842833198235
0,21600873,1.4879808e+18,Nets,Warriors,1.0,12.739512448923278,8.930239498709867
0,21600867,1.4879808e+18,Hawks,Magic,1.0,-12.583367471250043,-12.922809083446694
0,21600866,1.4879808e+18,Hornets,Kings,0.0,-2.5301156353547896,-4.149763819968314
0,21600865,1.4878944e+18,Spurs,Clippers,0.0,-4.662624484854604,0.12451308210501111
0,21600857,1.4878944e+18,Grizzlies,Pacers,1.0,-2.3803769157294,-2.0108596267799896
0,21600862,1.4878944e+18,Mavericks,Timberwolves,1.0,-0.845272187067124,-3.6018001005441107
0,21600863,1.4878944e+18,Heat,Hawks,0.0,-4.123527207426861,-1.3863662539323798
0,21600859,1.4878944e+18,Suns,Bulls,1.0,-3.968358760742575,0.22905474810049498
0,21600858,1.4878944e+18,Celtics,Raptors,1.0,-0.1521893017125393,0.21070940294674756
0,21600864,1.4878944e+18,Nets,Nuggets,1.0,-6.5194422774494,-5.516225297392879
0,21600860,1.4878944e+18,Jazz,Bucks,0.0,-0.3742668464626888,1.4675264958769247
0,21600861,1.4878944e+18,Lakers,Thunder,1.0,-8.856236993270073,-13.864002954760508
0,21600856,1.4878944e+18,Wizards,76ers,1.0,-8.085794478152565,-5.6704773927823595
0,21600851,1.487808e+18,Hornets,Pistons,1.0,0.7041582333046819,0.03877030598441422
0,21600853,1.487808e+18,Knicks,Cavaliers,1.0,10.356227656849995,8.123245286544545
0,21600854,1.487808e+18,Clippers,Warriors,1.0,15.138838125691692,13.794843580787088
0,21600852,1.487808e+18,Rockets,Pelicans,0.0,-5.4665687781542545,-7.751750636037244
0,21600850,1.487808e+18,Trail Blazers,Magic,0.0,-11.385527775470067,-10.953633215944734
0,21600855,1.487808e+18,Nuggets,Kings,1.0,-4.151332487360449,-2.965412101879153
0,21600848,1.4872032e+18,Wizards,Pacers,0.0,0.9602712220193013,4.657253926452739
0,21600849,1.4872032e+18,Celtics,Bulls,1.0,-4.363067000901367,-4.5701161579301015
0,21600846,1.4871168e+18,Hawks,Clippers,1.0,-3.5665027972006413,-4.889421458863879
0,21600839,1.4871168e+18,Mavericks,Pistons,1.0,-1.6730371232937387,-1.9540566250847604
0,21600835,1.4871168e+18,Pacers,Cavaliers,1.0,9.329597269837294,8.40003310219987
0,21600841,1.4871168e+18,Heat,Rockets,0.0,4.697674169600418,0.17814581401134433
0,21600836,1.4871168e+18,76ers,Celtics,1.0,8.798827051575515,7.628204400940987
0,21600847,1.4871168e+18,Kings,Warriors,1.0,13.23444695926301,15.489212526490235
0,21600837,1.4871168e+18,Hornets,Raptors,1.0,1.8162850470901475,2.1783079756143877
0,21600842,1.4871168e+18,Timberwolves,Nuggets,0.0,-2.0274678423110117,-4.917757389110832
0,21600840,1.4871168e+18,Pelicans,Grizzlies,0.0,8.307762586797963,7.937793512493215
0,21600845,1.4871168e+18,Knicks,Thunder,1.0,-9.100229613676177,-6.166728454216738
0,21600834,1.4871168e+18,Spurs,Magic,0.0,-11.796741937856225,-12.608580068495954
0,21600838,1.4871168e+18,Bucks,Nets,0.0,-7.768740110053756,-5.389979593486103
0,21600844,1.4871168e+18,Lakers,Suns,1.0,-11.601741744614998,-11.054612406098457
0,21600843,1.4871168e+18,Trail Blazers,Jazz,1.0,5.082091519240137,6.405010180903346
0,21600833,1.4870304e+18,Kings,Lakers,0.0,-5.8233805985834834,-6.359717935579411
0,21600832,1.4870304e+18,Cavaliers,Timberwolves,0.0,-0.5025601492227878,-1.982591280892322
0,21600831,1.4870304e+18,Raptors,Bulls,1.0,-4.022335971414705,-0.40911306899772626
0,21600825,1.486944e+18,Spurs,Pacers,0.0,3.03344995909454,4.853629408175962
0,21600820,1.486944e+18,Thunder,Wizards,1.0,12.355816153246053,9.789272173483212
0,21600823,1.486944e+18,Magic,Heat,0.0,10.67574167371258,8.646290364412792
0,21600826,1.486944e+18,Celtics,Mavericks,0.0,7.307830622281088,5.093568143797725
0,21600830,1.486944e+18,Hawks,Trail Blazers,0.0,0.9733063551303047,1.8653374157293712
0,21600821,1.486944e+18,76ers,Hornets,0.0,-8.342305921812695,-6.9545246053756244
0,21600827,1.486944e+18,Warriors,Nuggets,1.0,-2.7682726447959283,0.8746724619059449
0,21600824,1.486944e+18,Pistons,Bucks,1.0,-2.1448511089491404,-4.725117501909125
0,21600822,1.486944e+18,Grizzlies,Nets,0.0,-7.593506072260723,-8.695217317538123
0,21600829,1.486944e+18,Pelicans,Suns,0.0,-12.43786758800752,-9.714393338262028
0,21600828,1.486944e+18,Clippers,Jazz,0.0,6.514898668232718,7.717868815486256
0,21600816,1.4868576e+18,Bulls,Timberwolves,1.0,-3.357586250816283,-3.8506533742577034
0,21600817,1.4868576e+18,Spurs,Knicks,1.0,-5.156869376230873,-3.0395098745697595
0,21600818,1.4868576e+18,Pistons,Raptors,0.0,1.7670434904288328,0.48852379892657893
0,21600819,1.4868576e+18,Pelicans,Kings,1.0,-1.9525432974642314,-0.5236446643967838
0,21600809,1.4867712e+18,Bucks,Pacers,0.0,4.447080355642598,3.845134677728609
0,21600811,1.4867712e+18,Nuggets,Cavaliers,1.0,6.2177259890437,7.035591186364286
0,21600812,1.4867712e+18,Suns,Rockets,1.0,4.034295247088835,4.825988620917073
0,21600814,1.4867712e+18,Magic,Mavericks,1.0,9.614661985862384,8.896247119481245
0,21600808,1.4867712e+18,Clippers,Hornets,0.0,-6.992912124534044,-5.8173319206079555
0,21600813,1.4867712e+18,Warriors,Thunder,0.0,-3.436617178938363,-2.0196468685721527
0,21600810,1.4867712e+18,Heat,76ers,1.0,-10.20649479961314,-9.546947168617905
0,21600815,1.4867712e+18,Celtics,Jazz,0.0,7.856971576215869,9.323971218812574
0,21600805,1.4866848e+18,Pacers,Wizards,1.0,11.582818442258855,9.613190671751425
0,21600804,1.4866848e+18,Pelicans,Timberwolves,0.0,-2.1624754135208235,-6.363735596501755
0,21600800,1.4866848e+18,Nuggets,Knicks,0.0,-4.616738525874055,-5.573433181410053
0,21600801,1.4866848e+18,Spurs,Pistons,0.0,3.790577170570657,2.5846580787416116
0,21600802,1.4866848e+18,Lakers,Bucks,0.0,-6.173449198133767,-6.873933041156576
0,21600803,1.4866848e+18,Warriors,Grizzlies,0.0,7.342192916218892,8.690406944215965
0,21600799,1.4866848e+18,Heat,Nets,0.0,-9.926618133828597,-7.920282644003834
0,21600807,1.4866848e+18,Bulls,Suns,1.0,-9.81831713273914,-11.166531160736213
0,21600806,1.4866848e+18,Hawks,Kings,1.0,-1.221536914807018,-1.2228811742276662
0,21600797,1.4865984e+18,Jazz,Mavericks,1.0,8.08823162116488,12.040735280335952
0,21600798,1.4865984e+18,Celtics,Trail Blazers,0.0,-0.5735251162498969,-1.8368247917703684
0,21600794,1.4865984e+18,Rockets,Hornets,0.0,-1.8690139076710324,0.26735210249584895
0,21600796,1.4865984e+18,Cavaliers,Thunder,1.0,-5.90062069409322,-4.496637496046333
0,21600795,1.4865984e+18,76ers,Magic,0.0,-11.023860113061744,-9.822398065969807
0,21600783,1.486512e+18,Cavaliers,Pacers,0.0,4.682397579583011,5.090048938135723
0,21600791,1.486512e+18,Clippers,Knicks,0.0,-4.387215740244869,-3.94686294360163
0,21600790,1.486512e+18,Raptors,Timberwolves,1.0,-2.3146908335410217,-0.9608175760179449
0,21600785,1.486512e+18,Nuggets,Hawks,1.0,-2.270976194991036,3.0820440541694296
0,21600786,1.486512e+18,Lakers,Pistons,1.0,2.0827861450467395,2.135259206897558
0,21600792,1.486512e+18,Bulls,Warriors,1.0,13.465833187266796,14.297697126056804
0,21600788,1.486512e+18,Suns,Grizzlies,1.0,7.111622664809417,3.9379694564044314
0,21600787,1.486512e+18,Heat,Bucks,0.0,-7.0359092331519975,-9.741871043178008
0,21600789,1.486512e+18,Jazz,Pelicans,0.0,-3.4925959203007153,-1.3693823196417583
0,21600782,1.486512e+18,Spurs,76ers,0.0,-10.088817234857274,-10.504973394687411
0,21600784,1.486512e+18,Wizards,Nets,0.0,-10.56618131413181,-10.887856010762093
0,21600793,1.486512e+18,Celtics,Kings,1.0,-2.4848015868624316,-1.4725258812484299
0,21600780,1.4864256e+18,Magic,Rockets,1.0,1.3807831660400325,-1.6852760031298857
0,21600781,1.4864256e+18,Trail Blazers,Mavericks,0.0,8.045402642971482,10.501794819913641
0,21600779,1.4864256e+18,Nets,Hornets,1.0,0.44760638882945614,0.607553365436047
0,21600770,1.4863392e+18,Thunder,Pacers,1.0,5.748241438402417,3.244847339495081
0,21600769,1.4863392e+18,Cavaliers,Wizards,0.0,11.980572120755483,11.108977348362998
0,21600775,1.4863392e+18,Heat,Timberwolves,0.0,-3.4698857912248116,0.16836464413702856
0,21600768,1.4863392e+18,Lakers,Knicks,0.0,-1.0257540450131017,-0.7219156916445684
0,21600772,1.4863392e+18,Jazz,Hawks,0.0,-1.7152959236752423,-3.7729125457969417
0,21600773,1.4863392e+18,76ers,Pistons,1.0,-3.6907037990917075,-4.070942710609614
0,21600771,1.4863392e+18,Clippers,Raptors,1.0,-4.6268070236146315,-6.309300474215078
0,21600776,1.4863392e+18,Mavericks,Nuggets,1.0,-1.1973267742711613,2.9906083570547253
0,21600777,1.4863392e+18,Spurs,Grizzlies,1.0,4.270686652090177,6.266531909546259
0,21600774,1.4863392e+18,Suns,Pelicans,1.0,-4.583169264215485,-5.579308574680368
0,21600778,1.4863392e+18,Bulls,Kings,0.0,-4.154751370911427,-4.729603016033423
0,21600766,1.4862528e+18,Clippers,Celtics,1.0,4.746850156842768,2.8906010152178396
0,21600767,1.4862528e+18,Trail Blazers,Thunder,1.0,-8.360223712033445,-10.641036339303994
0,21600765,1.4862528e+18,Raptors,Nets,0.0,-8.156533687004796,-7.717923484419842
0,21600762,1.4861664e+18,Nuggets,Spurs,1.0,6.5268503453534095,5.338491629792458
0,21600757,1.4861664e+18,Pistons,Pacers,1.0,3.562006211850459,3.0196150928122165
0,21600755,1.4861664e+18,Pelicans,Wizards,1.0,12.658657281566846,9.76343724649709
0,21600763,1.4861664e+18,Grizzlies,Timberwolves,0.0,-3.7140817929085586,-3.9779481379492694
0,21600756,1.4861664e+18,Magic,Hawks,1.0,-4.830233255079932,-4.6431508703580135
0,21600759,1.4861664e+18,Cavaliers,Knicks,0.0,-0.20015844527755178,2.7440349945625115
0,21600758,1.4861664e+18,76ers,Heat,1.0,8.864165954893068,5.070430759367397
0,21600761,1.4861664e+18,Bucks,Suns,0.0,-5.592906106751926,-6.754168702408478
0,21600760,1.4861664e+18,Hornets,Jazz,1.0,6.256204040999009,3.135441054281955
0,21600764,1.4861664e+18,Warriors,Kings,1.0,-5.792001630739563,-3.7704275217212597
0,21600748,1.48608e+18,Timberwolves,Pistons,1.0,-4.997621010178591,-10.23857211171142
0,21600749,1.48608e+18,Bulls,Rockets,1.0,0.4662192094627642,4.747948494387785
0,21600751,1.48608e+18,Lakers,Celtics,1.0,4.3214594521659535,2.967858991398842
0,21600754,1.48608e+18,Mavericks,Trail Blazers,0.0,-1.4737589177158128,-1.0116849189267612
0,21600752,1.48608e+18,Bucks,Nuggets,1.0,4.007181822292921,4.9359537643727265
0,21600750,1.48608e+18,Grizzlies,Thunder,1.0,-10.302873076057281,-4.232944818541796
0,21600746,1.48608e+18,Raptors,Magic,1.0,-11.291622776304521,-10.161830939034331
0,21600747,1.48608e+18,Pacers,Nets,0.0,-9.500798856023806,-7.615868931363437
0,21600753,1.48608e+18,Suns,Kings,0.0,-5.1326169207321755,-4.010871719382166
0,21600745,1.4859936e+18,Warriors,Clippers,0.0,2.7249486457455276,2.9772398135279445
0,21600744,1.4859936e+18,76ers,Spurs,1.0,8.788737389431802,5.461069125406965
0,21600742,1.4859936e+18,Lakers,Wizards,1.0,13.334461964141383,11.734843615842763
0,21600743,1.4859936e+18,Hawks,Rockets,0.0,3.868894754121797,-0.6672215114258933
0,21600735,1.4859072e+18,Pelicans,Pistons,1.0,-6.945358230636273,-6.026793022765261
0,21600731,1.4859072e+18,Timberwolves,Cavaliers,1.0,-2.7927635873090395,-1.2768852696953275
0,21600734,1.4859072e+18,Hawks,Heat,1.0,5.437159339542291,4.989590565886559
0,21600736,1.4859072e+18,76ers,Mavericks,1.0,8.728451959603987,7.903013896928201
0,21600732,1.4859072e+18,Raptors,Celtics,1.0,5.391924304593687,4.473359096722675
0,21600741,1.4859072e+18,Hornets,Warriors,1.0,17.73621982357281,15.669791841508626
0,21600737,1.4859072e+18,Grizzlies,Nuggets,0.0,9.405607087411383,11.371429123051072
0,21600740,1.4859072e+18,Bulls,Thunder,0.0,-5.946744171695357,-2.994878019799401
0,21600730,1.4859072e+18,Pacers,Magic,0.0,-8.652114564099918,-6.474701851808788
0,21600733,1.4859072e+18,Knicks,Nets,0.0,-11.161063628401138,-12.152960398316608
0,21600739,1.4859072e+18,Clippers,Suns,0.0,-4.944771327016227,-7.56943377191169
0,21600738,1.4859072e+18,Bucks,Jazz,1.0,6.039565617902511,6.334520249829467
0,21600729,1.4858208e+18,Nuggets,Lakers,1.0,-14.020259732341458,-11.891647733227387
0,21600727,1.4858208e+18,Thunder,Spurs,1.0,6.876732310766485,5.757249467189951
0,21600724,1.4858208e+18,Knicks,Wizards,1.0,10.072189078411242,8.133524406744783
0,21600726,1.4858208e+18,Kings,Rockets,1.0,1.1625999352929313,2.649572392646178
0,21600725,1.4858208e+18,Pelicans,Raptors,1.0,0.9198469693343441,-0.5045680554834746
0,21600728,1.4858208e+18,Hornets,Trail Blazers,1.0,-0.9825140006094273,-0.7608366236616746
0,21600720,1.4857344e+18,Magic,Timberwolves,1.0,3.8780382664986917,2.062080787424634
0,21600719,1.4857344e+18,Nets,Heat,1.0,3.534920593462857,-0.0543038067134205
0,21600722,1.4857344e+18,Cavaliers,Mavericks,1.0,6.54937251375847,7.668855357335019
0,21600721,1.4857344e+18,Pistons,Celtics,1.0,3.23950814219765,1.1452693655709965
0,21600266,1.4857344e+18,Kings,76ers,1.0,-0.9526025419357467,0.9784199498409123
0,21600723,1.4857344e+18,Grizzlies,Suns,0.0,-3.473786629953679,-1.527140303715143
0,21600717,1.485648e+18,Mavericks,Spurs,0.0,9.463387623187302,10.15692952917945
0,21600713,1.485648e+18,Rockets,Pacers,1.0,-0.7948616135169715,-0.595936519769154
0,21600711,1.485648e+18,Knicks,Hawks,1.0,-1.340733083767546,1.8222681673584589
0,21600712,1.485648e+18,Thunder,Cavaliers,1.0,-5.063200916995683,-4.360976945447149
0,21600716,1.485648e+18,76ers,Bulls,1.0,-4.038936836237497,-2.906612902953114
0,21600715,1.485648e+18,Magic,Raptors,0.0,2.241348893051594,-2.833021992261365
0,21600718,1.485648e+18,Warriors,Trail Blazers,0.0,-0.6629631394378777,3.6242325318559665
0,21600714,1.485648e+18,Wizards,Pelicans,0.0,1.9864496651905768,3.326551446192866
0,21600710,1.4855616e+18,Nets,Timberwolves,1.0,1.3099389785915463,1.518246740174618
0,21600705,1.4855616e+18,Pistons,Heat,1.0,-0.9552154906652248,-3.287810649071801
0,21600707,1.4855616e+18,Clippers,Warriors,1.0,13.525419794110817,11.53327742545575
0,21600704,1.4855616e+18,Kings,Hornets,0.0,-0.665569814628526,-0.7179217182077196
0,21600706,1.4855616e+18,Celtics,Bucks,0.0,-7.284027291455729,-2.2096564061427415
0,21600709,1.4855616e+18,Nuggets,Suns,0.0,-1.7715381323544364,1.1256778142969779
0,21600708,1.4855616e+18,Grizzlies,Jazz,0.0,6.206039874327146,5.142103023866241
0,21600696,1.4854752e+18,Kings,Pacers,1.0,-0.02401745511164677,-0.2616730964154925
0,21600699,1.4854752e+18,Hornets,Knicks,1.0,0.5425872073260365,0.5620444507685534
0,21600702,1.4854752e+18,Wizards,Hawks,0.0,3.45007446460626,4.271539250219959
0,21600695,1.4854752e+18,Nets,Cavaliers,1.0,-4.968469799096965,-5.67496714959357
0,21600700,1.4854752e+18,Heat,Bulls,0.0,-4.1159123439475,-2.648055102367479
0,21600697,1.4854752e+18,Magic,Celtics,1.0,0.7467327759202078,-1.6349319671760298
0,21600698,1.4854752e+18,Bucks,Raptors,1.0,0.08219655950493632,-0.22712415423245602
0,21600703,1.4854752e+18,Grizzlies,Trail Blazers,1.0,0.4360442193360967,0.887037840568226
0,21600701,1.4854752e+18,Spurs,Pelicans,1.0,-0.031175796229149455,0.3903989618791286
0,21600694,1.4854752e+18,Rockets,76ers,0.0,1.1574638330446874,-1.3309398328600963
0,21600691,1.4853888e+18,Pacers,Timberwolves,0.0,0.522527461059596,-0.6685645238342062
0,21600692,1.4853888e+18,Suns,Nuggets,1.0,2.0631212647651296,0.5320582696300846
0,21600690,1.4853888e+18,Mavericks,Thunder,1.0,-0.008793446089143231,0.40901328670418025
0,21600693,1.4853888e+18,Lakers,Jazz,1.0,5.843436799819443,6.427288690965597
0,21600680,1.4853024e+18,Kings,Cavaliers,0.0,-6.343247524222036,-5.147365864061442
0,21600683,1.4853024e+18,Hawks,Bulls,0.0,-3.318703374692845,-6.181335850870639
0,21600688,1.4853024e+18,Knicks,Mavericks,1.0,3.851791641006983,-0.8855082353354646
0,21600681,1.4853024e+18,Rockets,Celtics,1.0,1.1953406587543327,1.2175600834119535
0,21600689,1.4853024e+18,Lakers,Trail Blazers,1.0,-0.959975549795189,-6.846134599626836
0,21600687,1.4853024e+18,Warriors,Hornets,0.0,2.2045703974952744,2.6269320282138438
0,21600685,1.4853024e+18,Raptors,Grizzlies,1.0,-3.524521584044095,-0.25311959018716834
0,21600684,1.4853024e+18,76ers,Bucks,0.0,-5.521974027912464,-6.265419430874999
0,21600686,1.4853024e+18,Thunder,Pelicans,0.0,0.21075904429275738,0.03615693969861411
0,21600682,1.4853024e+18,Heat,Nets,0.0,-10.336122061112377,-6.564484195535499
0,21600676,1.485216e+18,Celtics,Wizards,1.0,6.4420011959959425,4.9559360416229765
0,21600674,1.485216e+18,Spurs,Raptors,0.0,1.7063225455906235,6.1381121971139265
0,21600678,1.485216e+18,Jazz,Nuggets,1.0,-0.05353012603207219,-0.5775910947133127
0,21600677,1.485216e+18,Bulls,Magic,0.0,-9.451806853433368,-7.169851306251729
0,21600675,1.485216e+18,Clippers,76ers,1.0,-1.0216451948008967,2.143989542422716
0,21600679,1.485216e+18,Timberwolves,Suns,0.0,0.25749438013642134,-1.2719770902122747
0,21600672,1.4851296e+18,Knicks,Pacers,0.0,2.9362562480115457,3.3932799830259626
0,21600667,1.4851296e+18,Clippers,Hawks,0.0,6.903356026236494,2.9517429480984845
0,21600669,1.4851296e+18,Kings,Pistons,0.0,-4.303152231670225,-4.56706958909713
0,21600668,1.4851296e+18,Warriors,Heat,1.0,-5.1070226281421185,-4.283594181910573
0,21600665,1.4851296e+18,Wizards,Hornets,0.0,2.3678519653013694,1.1223792174076834
0,21600670,1.4851296e+18,Rockets,Bucks,1.0,-6.916234508923367,-2.822923386260939
0,21600671,1.4851296e+18,Cavaliers,Pelicans,1.0,0.9246166201091199,3.303368944053261
0,21600666,1.4851296e+18,Spurs,Nets,0.0,-8.565047507616299,-6.83889744096885
0,21600673,1.4851296e+18,Thunder,Jazz,0.0,4.522117482849737,2.140669482744485
0,21600664,1.4850432e+18,Nuggets,Timberwolves,1.0,-0.72122488522173,1.4405098190413526
0,21600662,1.4850432e+18,Lakers,Mavericks,1.0,-2.5215295991781232,-0.07384846175477833
0,21600663,1.4850432e+18,Suns,Raptors,0.0,0.2588458065090151,4.2006272409172425
0,21600661,1.4850432e+18,Warriors,Magic,0.0,-6.1208305962584575,-6.181460410455941
0,21600654,1.4849568e+18,Suns,Knicks,0.0,-0.2800067257755501,-1.5233914485015703
0,21600653,1.4849568e+18,76ers,Hawks,1.0,5.460192261553772,4.180907914213947
0,21600651,1.4849568e+18,Wizards,Pistons,1.0,-4.6111885696846,-7.277459812333333
0,21600655,1.4849568e+18,Bucks,Heat,1.0,-7.05415748448543,-9.107242151295367
0,21600657,1.4849568e+18,Spurs,Cavaliers,0.0,-3.931746140936866,-2.705354934982779
0,21600660,1.4849568e+18,Kings,Bulls,1.0,-2.259815835875102,-3.0114904347497173
0,21600650,1.4849568e+18,Trail Blazers,Celtics,0.0,3.482617837203975,5.1710745253118375
0,21600652,1.4849568e+18,Nets,Hornets,1.0,0.5370814345086217,-0.5931153354022172
0,21600658,1.4849568e+18,Clippers,Nuggets,1.0,-2.7711254403292855,-0.6839024155888325
0,21600656,1.4849568e+18,Rockets,Grizzlies,0.0,0.8985463289270115,-2.7577995015603136
0,21600659,1.4849568e+18,Pacers,Jazz,1.0,5.098172322370658,2.65049118494737
0,21600649,1.4848704e+18,Pacers,Lakers,1.0,-5.489630489902183,-3.3565574602411345
0,21600647,1.4848704e+18,Bulls,Hawks,1.0,4.549230881482487,6.788395767927611
0,21600646,1.4848704e+18,Warriors,Rockets,0.0,4.531919966920881,4.241303252959696
0,21600648,1.4848704e+18,Jazz,Mavericks,0.0,-0.37148152060353823,0.15322590765902078
0,21600642,1.4848704e+18,Raptors,Hornets,1.0,-2.420751425321697,-4.608583690664517
0,21600644,1.4848704e+18,Kings,Grizzlies,1.0,3.1488209724506078,2.786673396863037
0,21600645,1.4848704e+18,Nets,Pelicans,0.0,4.6087877284901,0.6015901112521362
0,21600641,1.4848704e+18,Trail Blazers,76ers,1.0,-1.291958135941897,-3.479790401284717
0,21600643,1.4848704e+18,Bucks,Magic,1.0,-9.553971923748392,-9.356624214283897
0,21600639,1.484784e+18,Nuggets,Spurs,1.0,15.182986446647263,15.159976193586203
0,21600638,1.484784e+18,Wizards,Knicks,0.0,-1.6150042324538418,-2.4992130129456456
0,21600636,1.484784e+18,Suns,Cavaliers,1.0,-4.856625046037479,-1.6273933538435585
0,21600637,1.484784e+18,Mavericks,Heat,1.0,-8.39273237634923,-9.024694123436959
0,21600640,1.484784e+18,Timberwolves,Clippers,0.0,4.005587738095585,0.21737219148953102
0,21600628,1.4846976e+18,Grizzlies,Wizards,1.0,5.769860635175576,3.172284915345898
0,21600633,1.4846976e+18,Hawks,Pistons,1.0,-9.802840899922288,-10.288548041133495
0,21600632,1.4846976e+18,Bucks,Rockets,1.0,3.1027666193314616,2.9078845546665377
0,21600630,1.4846976e+18,Knicks,Celtics,0.0,6.268761043717177,4.907703153139579
0,21600634,1.4846976e+18,Thunder,Warriors,1.0,10.649692625341345,4.464293726136859
0,21600629,1.4846976e+18,Trail Blazers,Hornets,1.0,-2.8172649939865977,-3.8124607800916266
0,21600631,1.4846976e+18,Magic,Pelicans,1.0,3.228114485811446,1.717577783032226
0,21600627,1.4846976e+18,Raptors,76ers,1.0,-1.190513355966928,-0.8754401341442417
0,21600635,1.4846976e+18,Pacers,Kings,0.0,-5.259457106541433,-5.144298187699917
0,21600626,1.4846112e+18,Nuggets,Lakers,0.0,-5.6572531884916515,-3.5735479294127543
0,21600625,1.4846112e+18,Timberwolves,Spurs,1.0,16.06087583503171,15.216605801099135
0,21600623,1.4846112e+18,Rockets,Heat,1.0,-10.45826102505967,-6.438376333258631
0,21600624,1.4846112e+18,Mavericks,Bulls,0.0,-4.016371835244854,-3.0291829945046373
0,21600622,1.4846112e+18,Raptors,Nets,0.0,-11.979830462128461,-7.742904452511965
0,21600621,1.4845248e+18,Thunder,Clippers,1.0,0.6509843866873979,-1.5374220218540557
0,21600616,1.4845248e+18,Pelicans,Pacers,1.0,1.1511821551495274,3.4098268180791393
0,21600614,1.4845248e+18,Trail Blazers,Wizards,1.0,4.089809411629318,1.3437263021323531
0,21600613,1.4845248e+18,Hawks,Knicks,0.0,-5.344228734194758,-2.7028034574507984
0,21600618,1.4845248e+18,Hornets,Celtics,1.0,5.964459310887733,4.159903589525939
0,21600619,1.4845248e+18,Cavaliers,Warriors,1.0,7.686127496073766,7.20616743736413
0,21600617,1.4845248e+18,Magic,Nuggets,1.0,-3.053107356769715,-6.445432550568725
0,21600615,1.4845248e+18,76ers,Bucks,0.0,2.6976830835202037,2.15561306218801
0,21600620,1.4845248e+18,Jazz,Suns,0.0,-3.40131707687911,-3.2775892032679224
0,21600612,1.4844384e+18,Pistons,Lakers,0.0,-5.5516262674822485,-7.354627179577619
0,21600607,1.4844384e+18,Bucks,Hawks,1.0,5.078890126952913,6.499313781823361
0,21600608,1.4844384e+18,Timberwolves,Mavericks,1.0,-4.059844467178763,-3.5224315613467496
0,21600606,1.4844384e+18,Knicks,Raptors,1.0,0.0030623356268932866,0.14702010070091376
0,21600611,1.4844384e+18,Bulls,Grizzlies,0.0,2.0293071376281944,2.3726661498387074
0,21600609,1.4844384e+18,Rockets,Nets,0.0,-8.567261482739156,-6.840241550582576
0,21600610,1.4844384e+18,Thunder,Kings,0.0,-4.879716819572863,-4.529208592458133
0,21600601,1.484352e+18,Lakers,Clippers,1.0,-2.792075579888291,-8.372320450604278
0,21600603,1.484352e+18,76ers,Wizards,1.0,-0.6216217280029923,2.5630624366142456
0,21600602,1.484352e+18,Pelicans,Bulls,1.0,-4.49073774513441,-1.2250665310972266
0,21600604,1.484352e+18,Magic,Jazz,1.0,6.623508688706664,3.72711196298998
0,21600605,1.484352e+18,Spurs,Suns,1.0,-3.1438644429556746,1.131782377424102
0,21600596,1.4842656e+18,Thunder,Timberwolves,1.0,2.972769015551364,1.8162039398030885
0,21600597,1.4842656e+18,Celtics,Hawks,0.0,5.4800007127047365,5.510947892699647
0,21600595,1.4842656e+18,Grizzlies,Rockets,0.0,7.302646452500525,8.459211528248758
0,21600592,1.4842656e+18,Nets,Raptors,1.0,-1.0352928741644547,-3.301198229960008
0,21600598,1.4842656e+18,Magic,Trail Blazers,0.0,2.019338864257236,-1.3894724075709917
0,21600594,1.4842656e+18,Heat,Bucks,1.0,4.8477627792469775,2.7395549577487373
0,21600593,1.4842656e+18,Hornets,76ers,1.0,-4.320688447412522,-4.805450616422576
0,21600600,1.4842656e+18,Pistons,Jazz,1.0,1.6333863468585434,-1.435352097094551
0,21600599,1.4842656e+18,Cavaliers,Kings,0.0,-3.288532224566225,-6.131909171390518
0,21600588,1.4841792e+18,Lakers,Spurs,1.0,18.479455232392212,17.034621128715344
0,21600587,1.4841792e+18,Bulls,Knicks,1.0,-7.27975039762029,-8.021460757445581
0,21600590,1.4841792e+18,Pistons,Warriors,1.0,6.543206679154608,4.157011757695784
0,21600586,1.4841792e+18,Pelicans,Nets,0.0,-8.416105850481642,-5.207677551587821
0,21600589,1.4841792e+18,Pacers,Nuggets,1.0,-6.261229727321222,-2.9990276824944146
0,21600591,1.4841792e+18,Mavericks,Suns,0.0,-2.1699721364899887,-3.1244081316898047
0,21600584,1.4840928e+18,Magic,Clippers,1.0,-4.79948184462279,-7.326528486356054
0,21600582,1.4840928e+18,Rockets,Timberwolves,1.0,0.663891714855751,0.3025287097102307
0,21600583,1.4840928e+18,Wizards,Celtics,1.0,1.671134611795523,3.1684428548239794
0,21600585,1.4840928e+18,Cavaliers,Trail Blazers,1.0,-2.7320578791178605,-6.338925860463135
0,21600581,1.4840928e+18,Grizzlies,Thunder,1.0,3.833790663897247,2.6840269211955956
0,21600580,1.4840928e+18,Knicks,76ers,1.0,-4.545393324155114,-6.444238456654816
0,21600577,1.4840064e+18,Trail Blazers,Lakers,0.0,0.3068800348670493,-1.1117214780187084
0,21600575,1.4840064e+18,Bucks,Spurs,0.0,22.27123488107891,19.860355940565
0,21600571,1.4840064e+18,Bulls,Wizards,1.0,-5.645960753364193,-8.244277151867706
0,21600574,1.4840064e+18,Hornets,Rockets,1.0,5.626845478065121,3.7689957463923776
0,21600578,1.4840064e+18,Heat,Warriors,1.0,5.804555359197224,3.3752493329218396
0,21600572,1.4840064e+18,Celtics,Raptors,1.0,-1.2178399907881357,0.019619415788852734
0,21600573,1.4840064e+18,Hawks,Nets,0.0,-8.46534788201214,-6.414021977422081
0,21600576,1.4840064e+18,Cavaliers,Jazz,1.0,-0.7062896003087928,0.20075585018787478
0,21600579,1.4840064e+18,Pistons,Kings,1.0,-4.007851989270577,-2.686991091842671
0,21600570,1.48392e+18,Mavericks,Timberwolves,1.0,-0.9512648496508405,-2.2824215964864862
0,21600568,1.48392e+18,Pelicans,Knicks,0.0,-4.237301416014105,-3.480696256351152
0,21600569,1.48392e+18,Thunder,Bulls,0.0,-4.479851282406116,-3.0606378435118415
0,21600567,1.4838336e+18,Magic,Lakers,1.0,-3.004425526611655,-6.480247082014188
0,21600561,1.4838336e+18,Heat,Clippers,1.0,-6.259426995387102,-9.719386205598227
0,21600563,1.4838336e+18,Rockets,Raptors,0.0,0.05033330922537971,0.7874282342145875
0,21600559,1.4838336e+18,Pistons,Trail Blazers,0.0,-10.967163345845933,-11.972317253111328
0,21600562,1.4838336e+18,Wizards,Bucks,0.0,11.042640867787782,12.753407039185845
0,21600564,1.4838336e+18,Jazz,Grizzlies,1.0,6.016650409131245,5.773872907128904
0,21600560,1.4838336e+18,76ers,Nets,0.0,-9.824173079936713,-9.839045971166144
0,21600565,1.4838336e+18,Cavaliers,Suns,0.0,-1.2386227227773645,-1.5437789295286422
0,21600566,1.4838336e+18,Warriors,Kings,0.0,-2.3158389387332647,-2.567668202383487
0,21600558,1.4837472e+18,Hornets,Spurs,1.0,23.689923276432154,20.717982844489157
0,21600552,1.4837472e+18,Knicks,Pacers,1.0,3.7605336487578285,3.059559473697348
0,21600556,1.4837472e+18,Jazz,Timberwolves,0.0,-0.7191031136685808,-0.8029107765886891
0,21600554,1.4837472e+18,Raptors,Bulls,1.0,-5.732864518160795,-5.998767421529948
0,21600557,1.4837472e+18,Hawks,Mavericks,0.0,-0.13978377952321352,0.8819631290058396
0,21600553,1.4837472e+18,Pelicans,Celtics,1.0,-0.8550894068573314,-1.5865529998645371
0,21600555,1.4837472e+18,Nuggets,Thunder,1.0,3.2598510243611827,0.27761662930835485
0,21600549,1.4836608e+18,Heat,Lakers,1.0,-7.762826657971942,-5.816531289026528
0,21600544,1.4836608e+18,Timberwolves,Wizards,1.0,-13.769512192776716,-12.6261492585069
0,21600546,1.4836608e+18,76ers,Celtics,1.0,-2.464503626011137,-3.9921143760583533
0,21600550,1.4836608e+18,Grizzlies,Warriors,0.0,6.443929220238715,4.856893598071451
0,21600548,1.4836608e+18,Knicks,Bucks,0.0,14.70616526508195,14.574915354921472
0,21600545,1.4836608e+18,Rockets,Magic,0.0,5.880557930222949,7.637749580852301
0,21600547,1.4836608e+18,Cavaliers,Nets,0.0,-11.08465317472178,-11.27419734412058
0,21600551,1.4836608e+18,Clippers,Kings,0.0,-1.3696215417110977,0.1169487022054767
0,21600536,1.4835744e+18,Nets,Pacers,1.0,1.739314597886974,-0.2831034839967259
0,21600538,1.4835744e+18,Hornets,Pistons,1.0,-4.892154451887222,-2.2730487331697304
0,21600540,1.4835744e+18,Thunder,Rockets,1.0,0.8541132623590073,-1.7688438964744506
0,21600541,1.4835744e+18,Suns,Mavericks,0.0,0.751269704478176,0.8988012134002901
0,21600537,1.4835744e+18,Jazz,Raptors,1.0,0.9383644568139005,2.1397904178150355
0,21600542,1.4835744e+18,Lakers,Trail Blazers,1.0,-15.16268230584592,-12.420173455108568
0,21600543,1.4835744e+18,Spurs,Nuggets,0.0,-2.563488686879964,0.8497536463878106
0,21600539,1.4835744e+18,Hawks,Pelicans,0.0,4.817433762179533,7.421809161707955
0,21600533,1.483488e+18,Grizzlies,Clippers,1.0,-8.31318817080222,-11.41056001480979
0,21600531,1.483488e+18,Bucks,Knicks,0.0,-5.967117212781915,-4.789934735876685
0,21600532,1.483488e+18,Bulls,Cavaliers,0.0,7.504087461541005,7.842359459206179
0,21600534,1.483488e+18,Trail Blazers,Warriors,1.0,6.170464285896841,6.1074834368206155
0,21600529,1.483488e+18,Thunder,Hornets,1.0,6.292046057377931,7.31841417786211
0,21600530,1.483488e+18,Hawks,Magic,0.0,9.732620930925108,8.572058954714763
0,21600535,1.483488e+18,Heat,Kings,0.0,-0.26839814882285395,-2.2434982142341653
0,21600528,1.4834016e+18,Grizzlies,Lakers,1.0,-12.22478597516799,-10.102956291097513
0,21600525,1.4834016e+18,Raptors,Spurs,1.0,24.075002704388467,24.658686999137657
0,21600523,1.4834016e+18,Pacers,Pistons,0.0,-4.338562618441941,-3.0396887790930407
0,21600524,1.4834016e+18,Wizards,Mavericks,1.0,-0.12419652049527485,-0.4120541459082858
0,21600522,1.4834016e+18,Jazz,Celtics,1.0,-5.4550586448008715,-5.222350161286101
0,21600526,1.4834016e+18,Kings,Nuggets,0.0,-2.2867397912364993,-2.9172690081031334
0,21600521,1.4834016e+18,Timberwolves,76ers,1.0,-6.421924751421287,-7.597960533974131
0,21600527,1.4834016e+18,Heat,Suns,1.0,-1.8883088291748749,-0.9981974631763251
0,21600519,1.4833152e+18,Suns,Clippers,1.0,-9.869284687549907,-7.866049737870554
0,21600516,1.4833152e+18,Magic,Knicks,0.0,-3.763340834835759,-4.450291278238751
0,21600514,1.4833152e+18,Pelicans,Cavaliers,1.0,8.353948364240154,8.943384013087282
0,21600518,1.4833152e+18,Wizards,Rockets,1.0,-1.6354424945404133,-0.17605449448610955
0,21600517,1.4833152e+18,Hornets,Bulls,1.0,-10.414940745823358,-8.76399335808884
0,21600520,1.4833152e+18,Nuggets,Warriors,1.0,5.760219621035176,4.661862006119463
0,21600513,1.4833152e+18,Thunder,Bucks,1.0,20.850308828527346,21.172592029772318
0,21600515,1.4833152e+18,Jazz,Nets,0.0,-11.867101496767717,-8.852532518151875
0,21600512,1.4832288e+18,Raptors,Lakers,0.0,-13.593505905106468,-12.717545109613127
0,21600510,1.4832288e+18,Magic,Pacers,1.0,-0.04576741497677972,-2.904161370233595
0,21600511,1.4832288e+18,Trail Blazers,Timberwolves,0.0,0.3291584227083746,-3.4646031487046685
0,21600508,1.4832288e+18,Spurs,Hawks,1.0,1.1603186027255674,2.8440316710051547
0,21600509,1.4832288e+18,Pistons,Heat,0.0,-5.5684449254773085,-5.1239561506715745
0,21600504,1.4831424e+18,Knicks,Rockets,1.0,-3.9176949354381065,-7.920121682776582
0,21600503,1.4831424e+18,Bucks,Bulls,0.0,-9.212062443475347,-10.202029038225604
0,21600505,1.4831424e+18,Cavaliers,Hornets,0.0,10.16700000021578,9.265497879105439
0,21600507,1.4831424e+18,Clippers,Thunder,1.0,7.331615135967624,8.72486878085914
0,21600506,1.4831424e+18,Suns,Jazz,1.0,-5.285417005017365,-7.071954720461946
0,21600502,1.4831424e+18,Grizzlies,Kings,0.0,1.4711494132129985,7.1008066127708105
0,21600499,1.483056e+18,Trail Blazers,Spurs,1.0,28.21341593450245,27.41387518372261
0,21600492,1.483056e+18,Bulls,Pacers,1.0,-0.3543849261217673,0.3877988919684441
0,21600493,1.483056e+18,Nets,Wizards,1.0,-23.02066779021399,-23.762851608304203
0,21600497,1.483056e+18,Bucks,Timberwolves,1.0,-1.9174849271042547,0.8514000397004367
0,21600498,1.483056e+18,Pistons,Hawks,1.0,1.2496147102507962,-1.637925806166919
0,21600496,1.483056e+18,Clippers,Rockets,1.0,-8.027753135565746,-10.338975107149622
0,21600494,1.483056e+18,Heat,Celtics,1.0,-7.494248798627908,-8.395750919738248
0,21600501,1.483056e+18,Mavericks,Warriors,1.0,5.490633972886897,5.638446286347701
0,21600500,1.483056e+18,76ers,Nuggets,0.0,-1.676233103987414,-4.002841338197385
0,21600495,1.483056e+18,Knicks,Pelicans,1.0,4.958620520409454,3.9599340118549975
0,21600491,1.4829696e+18,Mavericks,Lakers,0.0,-14.198947164283112,-15.397935851460161
0,21600488,1.4829696e+18,Celtics,Cavaliers,1.0,10.442762019679463,13.29586095276052
0,21600486,1.4829696e+18,Heat,Hornets,1.0,10.16857331572291,7.093704946157828
0,21600487,1.4829696e+18,Thunder,Grizzlies,1.0,8.911330108226181,11.263978187262126
0,21600490,1.4829696e+18,Raptors,Suns,1.0,1.439904234531042,2.6013806635445746
0,21600489,1.4829696e+18,76ers,Jazz,1.0,-8.454186718205932,-8.895263445164801
0,21600482,1.4828832e+18,Suns,Spurs,1.0,28.910980743897994,25.573811705127923
0,21600476,1.4828832e+18,Pacers,Wizards,1.0,-27.021193424856733,-28.279371362554855
0,21600478,1.4828832e+18,Knicks,Hawks,1.0,1.306847166219768,1.762027663833294
0,21600479,1.4828832e+18,Bucks,Pistons,0.0,-3.48798281700698,-5.785744510343633
0,21600480,1.4828832e+18,Nets,Bulls,1.0,-10.370031467154874,-10.216243694691386
0,21600485,1.4828832e+18,Raptors,Warriors,1.0,4.92745206415016,4.975161732852513
0,21600484,1.4828832e+18,Kings,Trail Blazers,1.0,-26.775170057164857,-26.829532018505773
0,21600483,1.4828832e+18,Timberwolves,Nuggets,1.0,-2.128855042785375,-1.306847166219768
0,21600481,1.4828832e+18,Clippers,Pelicans,1.0,4.598746356912031,2.7366687525995133
0,21600477,1.4828832e+18,Hornets,Magic,0.0,17.71910859529079,16.221698132549818
0,21600475,1.4827968e+18,Jazz,Lakers,0.0,-15.711483479037128,-17.928478907033266
0,21600473,1.4827968e+18,Thunder,Heat,0.0,-3.8178982883599843,-2.6664188949449112
0,21600474,1.4827968e+18,Rockets,Mavericks,0.0,2.0872482757529696,4.576113921404286
0,21600472,1.4827968e+18,Grizzlies,Celtics,1.0,-11.261415543332504,-13.098840763053204
0,21600470,1.4827104e+18,Nuggets,Clippers,0.0,-4.48635315555056,-3.5641411453309644
0,21600461,1.4827104e+18,Bucks,Wizards,1.0,-30.78545200680165,-24.6283616054413
0,21600468,1.4827104e+18,Hawks,Timberwolves,1.0,-4.023672966674141,-2.939728429905088
0,21600464,1.4827104e+18,Cavaliers,Pistons,1.0,-5.666701254532086,-4.92745206415016
0,21600467,1.4827104e+18,Suns,Rockets,1.0,-13.654423578849332,-11.656798665214708
0,21600465,1.4827104e+18,Pacers,Bulls,1.0,-12.058940365223421,-10.827532238569717
0,21600469,1.4827104e+18,Raptors,Trail Blazers,0.0,-29.88893272599023,-25.919511007804616
0,21600466,1.4827104e+18,Mavericks,Pelicans,1.0,3.8178982883599843,3.7972069232063177
0,21600462,1.4827104e+18,Grizzlies,Magic,1.0,18.83105606827408,18.313392819331625
0,21600463,1.4827104e+18,Hornets,Nets,1.0,-14.852789083528307,-12.25106583354031
0,21600471,1.4827104e+18,76ers,Kings,1.0,3.615537113438947,2.6218008463453515
0,21600460,1.482624e+18,Clippers,Lakers,1.0,-18.83105606827408,-17.30904892512902
0,21600458,1.482624e+18,Bulls,Spurs,1.0,29.88893272599023,25.783595111756
0,21600456,1.482624e+18,Celtics,Knicks,0.0,-1.5987732656458746,-4.3535601137841695
0,21600457,1.482624e+18,Warriors,Cavaliers,1.0,14.852789083528307,13.934180300628682
0,21600459,1.482624e+18,Timberwolves,Thunder,1.0,13.697425143565653,11.966128917865205
0,21600455,1.4824512e+18,Mavericks,Clippers,0.0,5.178879988137808,4.855508329154489
0,21600450,1.4824512e+18,Kings,Timberwolves,0.0,-5.042099329332359,-5.53888797985087
0,21600446,1.4824512e+18,Warriors,Pistons,0.0,-7.633805706853764,-4.288495543128306
0,21600444,1.4824512e+18,Nets,Cavaliers,1.0,10.689107252136225,8.604538765771991
0,21600445,1.4824512e+18,Thunder,Celtics,0.0,3.8731059085471315,4.951944829168781
0,21600442,1.4824512e+18,Bulls,Hornets,1.0,-0.7688140200486657,-2.402076732004872
0,21600454,1.4824512e+18,Spurs,Trail Blazers,0.0,-3.9247726207602227,-4.248144279743542
0,21600451,1.4824512e+18,Hawks,Nuggets,0.0,-2.917481796802136,-2.2118269435591174
0,21600448,1.4824512e+18,Rockets,Grizzlies,1.0,2.2633964481068176,1.5165098103792616
0,21600447,1.4824512e+18,Wizards,Bucks,1.0,2.5504020958175033,4.483919921450536
0,21600449,1.4824512e+18,Heat,Pelicans,1.0,-7.852620745050942,-4.495732408237245
0,21600443,1.4824512e+18,Lakers,Magic,1.0,-9.229756188201677,-9.343228106758971
0,21600453,1.4824512e+18,76ers,Suns,1.0,-8.311192962627928,-8.73874800514777
0,21600452,1.4824512e+18,Raptors,Jazz,0.0,4.818504106651787,6.2339093536688495
0,21600441,1.4823648e+18,Spurs,Clippers,1.0,7.050698442865254,6.1093819354993
0,21600440,1.4823648e+18,Celtics,Pacers,0.0,0.2530301834120081,0.9358005868229071
0,21600438,1.4823648e+18,Magic,Knicks,1.0,-3.000768799695834,-3.0787594409805195
0,21600439,1.4823648e+18,Lakers,Heat,1.0,-5.807470089761907,-5.803604857001588
0,21600437,1.4823648e+18,Warriors,Nets,0.0,-7.456436812917644,-3.185520991792373
0,21600430,1.4822784e+18,Timberwolves,Hawks,0.0,-9.107129053769626,-8.474918049726185
0,21600429,1.4822784e+18,Bucks,Cavaliers,1.0,7.963252282437168,6.996012782658028
0,21600431,1.4822784e+18,Grizzlies,Pistons,0.0,-2.0907616269806937,1.2123771145414253
0,21600432,1.4822784e+18,Wizards,Bulls,0.0,-3.1637715028201256,-6.869240592494592
0,21600436,1.4822784e+18,Mavericks,Trail Blazers,0.0,-2.9323377545847507,-3.5765388408199215
0,21600433,1.4822784e+18,Thunder,Pelicans,0.0,-6.97201708885521,-8.627528199410776
0,21600435,1.4822784e+18,Rockets,Suns,0.0,-6.6303190990602445,-6.319323773741161
0,21600434,1.4822784e+18,Kings,Jazz,0.0,5.096032862318111,8.70914799685923
0,21600426,1.482192e+18,Nuggets,Clippers,1.0,5.432118935638428,7.339274669723082
0,21600421,1.482192e+18,Pacers,Knicks,1.0,-3.1312179605741477,-2.0944017841079727
0,21600422,1.482192e+18,Magic,Heat,0.0,-5.607199015613901,-7.9113640021164
0,21600425,1.482192e+18,Spurs,Rockets,0.0,16.525454224485884,17.692404709480343
0,21600427,1.482192e+18,Jazz,Warriors,1.0,11.112064413715245,8.49767872011401
0,21600420,1.482192e+18,Nets,Raptors,1.0,19.715872592683695,16.231654723125715
0,21600419,1.482192e+18,Lakers,Hornets,1.0,0.3630120270221653,-1.2546090825027534
0,21600424,1.482192e+18,Celtics,Grizzlies,0.0,2.515619819494461,4.795012203179908
0,21600423,1.482192e+18,Cavaliers,Bucks,0.0,7.372635914412143,5.003076635554095
0,21600418,1.482192e+18,Pelicans,76ers,0.0,-4.92849102675757,-6.644465717951178
0,21600428,1.482192e+18,Trail Blazers,Kings,1.0,-5.969632262378781,-7.595391058133671
0,21600413,1.4821056e+18,Wizards,Pacers,1.0,-1.5562854773064032,-2.1974887811092714
0,21600416,1.4821056e+18,Suns,Timberwolves,1.0,-8.040067090924836,-9.104301167037761
0,21600414,1.4821056e+18,Pistons,Bulls,1.0,-7.433603846814606,-5.408912774174837
0,21600417,1.4821056e+18,Mavericks,Nuggets,1.0,-6.327257049538275,-5.00197885971204
0,21600415,1.4821056e+18,Hawks,Thunder,0.0,1.1341589048950311,-0.7696586172875755
0,21600412,1.4820192e+18,Pelicans,Spurs,1.0,7.086362562638115,3.269665009257409
0,21600406,1.4820192e+18,Clippers,Wizards,1.0,2.2131247005895887,0.5088269262840441
0,21600410,1.4820192e+18,Celtics,Heat,0.0,-3.1652674265851317,-1.6044768187588403
0,21600411,1.4820192e+18,Kings,Mavericks,1.0,-4.334966931117378,-3.6306850197529457
0,21600407,1.4820192e+18,Jazz,Grizzlies,0.0,1.678899286403933,2.3831811977683657
0,21600409,1.4820192e+18,Raptors,Magic,0.0,-2.318617193909077,-2.9178116983876663
0,21600408,1.4820192e+18,Nets,76ers,1.0,-5.619203860559736,-4.846062203779923
0,21600403,1.4819328e+18,Rockets,Timberwolves,0.0,-9.730115448429274,-7.4349096167422175
0,21600401,1.4819328e+18,Hornets,Hawks,0.0,-10.885054918290976,-12.441937671572333
0,21600400,1.4819328e+18,Pacers,Pistons,0.0,6.060841859906688,7.371611500580869
0,21600402,1.4819328e+18,Lakers,Cavaliers,1.0,5.377441842167286,7.613448870463742
0,21600405,1.4819328e+18,Trail Blazers,Warriors,1.0,7.707081930086829,6.256118206498499
0,21600404,1.4819328e+18,Knicks,Nuggets,1.0,-6.5710748906629135,-8.022038614251244
0,21600399,1.4819328e+18,Suns,Thunder,1.0,0.27377961314800814,1.3131364682212734
0,21600389,1.4818464e+18,Pistons,Wizards,1.0,-0.9534163819411532,-0.04776573226101277
0,21600397,1.4818464e+18,Clippers,Heat,0.0,-3.9720363631907105,-4.594223214179493
0,21600395,1.4818464e+18,Pelicans,Rockets,1.0,13.274177147229906,10.489633469186245
0,21600393,1.4818464e+18,Bucks,Bulls,0.0,-2.716923459999663,-0.09587169914809124
0,21600391,1.4818464e+18,Hornets,Celtics,1.0,0.6293170633442315,1.0441652224905482
0,21600392,1.4818464e+18,Hawks,Raptors,0.0,20.3974627324492,18.20603637409137
0,21600394,1.4818464e+18,Kings,Grizzlies,0.0,0.05967946056135531,-4.661630454736795
0,21600390,1.4818464e+18,Nets,Magic,1.0,-1.2528469610378181,0.11453499642398413
0,21600396,1.4818464e+18,Lakers,76ers,0.0,-5.866833746938298,-5.7545267858629785
0,21600398,1.4818464e+18,Mavericks,Jazz,1.0,13.454399524362685,9.752979781813607
0,21600388,1.48176e+18,Knicks,Warriors,1.0,8.64686583219715,7.830393217357326
0,21600386,1.48176e+18,Trail Blazers,Nuggets,1.0,-7.475628943223072,-1.8459610903878882
0,21600384,1.48176e+18,Bulls,Bucks,1.0,2.874247408027472,5.522034255408855
0,21600385,1.48176e+18,Pacers,Pelicans,1.0,-7.691744672945688,-8.843733731182724
0,21600387,1.48176e+18,Spurs,Suns,0.0,-3.758326571287853,-3.903021416268885
0,21600383,1.4816736e+18,Celtics,Spurs,1.0,6.856072493557278,3.3955092228781467
0,21600375,1.4816736e+18,Hornets,Wizards,1.0,-1.197168600570805,-1.9130051239344965
0,21600377,1.4816736e+18,Pacers,Heat,1.0,-5.563886998726275,-4.8480504753625695
0,21600380,1.4816736e+18,Kings,Rockets,1.0,11.049994445692832,12.646507463094125
0,21600381,1.4816736e+18,Pistons,Mavericks,0.0,-5.110061962555619,-10.427487514419852
0,21600379,1.4816736e+18,Cavaliers,Grizzlies,1.0,-0.6635277382343077,2.6586778285608546
0,21600374,1.4816736e+18,Raptors,76ers,0.0,-5.738871335280237,-5.36456745334155
0,21600376,1.4816736e+18,Clippers,Magic,0.0,-1.704915222625317,-2.8440610994262414
0,21600378,1.4816736e+18,Lakers,Nets,1.0,-12.650010051161402,-14.246523068562695
0,21600382,1.4816736e+18,Thunder,Jazz,1.0,13.059824178035768,8.2153395816606
0,21600369,1.4815872e+18,Magic,Hawks,0.0,-11.707078850567385,-13.300232264021062
0,21600368,1.4815872e+18,Grizzlies,Cavaliers,1.0,9.271253350691552,9.910722434569138
0,21600370,1.4815872e+18,Timberwolves,Bulls,0.0,-0.3134979765138013,-1.3263161863276025
0,21600373,1.4815872e+18,Thunder,Trail Blazers,1.0,0.38103079198577916,1.0891002759267252
0,21600371,1.4815872e+18,Warriors,Pelicans,0.0,-5.376288798750693,-5.0329098978794775
0,21600372,1.4815872e+18,Knicks,Suns,1.0,-3.345494658876646,-2.2722211898960722
0,21600366,1.4815008e+18,Trail Blazers,Clippers,1.0,5.201218015962581,1.2919299166854472
0,21600361,1.4815008e+18,Hornets,Pacers,1.0,-1.3504524581981627,-3.516254980019994
0,21600363,1.4815008e+18,Wizards,Heat,1.0,-5.650174750861666,-4.39901918235914
0,21600364,1.4815008e+18,Nets,Rockets,1.0,9.137238691468042,3.796862393987496
0,21600365,1.4815008e+18,Nuggets,Mavericks,1.0,-9.7383618579764,-6.163264875614914
0,21600362,1.4815008e+18,Bucks,Raptors,1.0,19.97338121226896,18.456881486368957
0,21600367,1.4815008e+18,Lakers,Kings,1.0,0.2252276343414934,1.4496303038531124
0,21600360,1.4814144e+18,Knicks,Lakers,0.0,-17.76969944887135,-16.43675857404473
0,21600358,1.4814144e+18,Warriors,Timberwolves,0.0,-10.43925720241333,-9.346806423063654
0,21600356,1.4814144e+18,76ers,Pistons,0.0,11.137141845498078,8.917800556831011
0,21600357,1.4814144e+18,Celtics,Thunder,1.0,1.6877792954595634,1.0018380252449077
0,21600359,1.4814144e+18,Pelicans,Suns,0.0,-1.9784006645566734,-6.225763703233113
0,21600355,1.481328e+18,Pelicans,Clippers,1.0,3.5232336348325646,4.081862843083016
0,21600353,1.481328e+18,Nets,Spurs,1.0,5.094392341379333,6.115811360491833
0,21600348,1.481328e+18,Trail Blazers,Pacers,1.0,-3.3180876100631735,-3.3008419062748544
0,21600346,1.481328e+18,Bucks,Wizards,1.0,-0.26307706773825146,-1.9487628517833144
0,21600349,1.481328e+18,Hornets,Cavaliers,1.0,8.325359662885973,7.663127317658834
0,21600352,1.481328e+18,Mavericks,Rockets,1.0,4.97708582051564,5.190043272573419
0,21600350,1.481328e+18,Heat,Bulls,1.0,-1.1029713388794704,-4.6452444149906285
0,21600351,1.481328e+18,Warriors,Grizzlies,1.0,-1.6112084195924155,-0.7734992574534374
0,21600347,1.481328e+18,Nuggets,Magic,0.0,-3.176192111068829,-1.7891236848085583
0,21600354,1.481328e+18,Kings,Jazz,1.0,12.967338078514175,13.741883097089243
0,21600344,1.4812416e+18,Suns,Lakers,0.0,-21.22049858433374,-18.783125794905516
0,21600342,1.4812416e+18,Pistons,Timberwolves,0.0,-9.48192800609668,-8.948699057576547
0,21600338,1.4812416e+18,Heat,Cavaliers,1.0,5.765753362326734,1.0600712508285568
0,21600343,1.4812416e+18,Pacers,Mavericks,1.0,-10.86647966976345,-6.385650445588894
0,21600339,1.4812416e+18,Raptors,Celtics,0.0,9.449152268172384,7.508157337994689
0,21600337,1.4812416e+18,Magic,Hornets,1.0,0.9138163411289213,-3.0990793685959517
0,21600340,1.4812416e+18,Hawks,Bucks,0.0,4.85221801198864,5.113721999533141
0,21600341,1.4812416e+18,Rockets,Thunder,0.0,0.807774918069228,4.6772438699481
0,21600345,1.4812416e+18,Knicks,Kings,0.0,4.890884267403919,-1.5636711237815888
0,21600332,1.4811552e+18,Nuggets,Wizards,1.0,-0.5461350434730576,-0.20295069749813877
0,21600336,1.4811552e+18,Spurs,Bulls,1.0,-0.929080972325508,1.9333984661619752
0,21600331,1.4811552e+18,Timberwolves,Raptors,1.0,21.107855264028558,19.52638973977396
0,21600333,1.4811552e+18,Trail Blazers,Grizzlies,1.0,-1.0960485972876342,-2.2811740566639287
0,21600334,1.4811552e+18,76ers,Pelicans,0.0,6.000674615133164,5.768092282931434
0,21600335,1.4811552e+18,Warriors,Jazz,0.0,16.25607585380864,16.70142173050266
0,21600330,1.4810688e+18,Warriors,Clippers,0.0,6.818536592465108,10.568884804802195
0,21600327,1.4810688e+18,Cavaliers,Knicks,0.0,0.78309073756175,0.2840979222813047
0,21600324,1.4810688e+18,Heat,Hawks,1.0,-10.605442058499634,-11.353305913657579
0,21600326,1.4810688e+18,Lakers,Rockets,1.0,-2.4955466284636714,-3.7739771384367486
0,21600328,1.4810688e+18,Kings,Mavericks,0.0,-9.643759082664857,-9.605988788957916
0,21600321,1.4810688e+18,Pistons,Hornets,1.0,-0.9102951972489421,-1.0133919560858828
0,21600325,1.4810688e+18,Trail Blazers,Bucks,1.0,2.6237691460671186,2.266822436386093
0,21600322,1.4810688e+18,Celtics,Magic,0.0,0.06267232148749713,-1.7642689244122067
0,21600323,1.4810688e+18,Nuggets,Nets,1.0,-16.859278791545435,-15.365796980040017
0,21600329,1.4810688e+18,Pacers,Suns,0.0,1.2458019334028165,-0.46647070437167315
0,21600315,1.4809824e+18,Magic,Wizards,0.0,-0.6201749660334599,-0.1900729369388472
0,21600319,1.4809824e+18,Spurs,Timberwolves,0.0,-10.875587601197012,-12.058049763751399
0,21600317,1.4809824e+18,Bulls,Pistons,1.0,15.368171332520376,16.155435702219236
0,21600316,1.4809824e+18,Knicks,Heat,0.0,-10.004478566878149,-8.115563361865412
0,21600318,1.4809824e+18,76ers,Grizzlies,1.0,-0.5636764696289589,-1.609896841859225
0,21600320,1.4809824e+18,Suns,Jazz,1.0,17.15674931230926,14.189468439021411
0,21600313,1.480896e+18,Jazz,Lakers,0.0,-25.453745403221788,-23.16463634390628
0,21600307,1.480896e+18,Thunder,Hawks,0.0,-9.043098150156368,-3.121037096566056
0,21600311,1.480896e+18,Celtics,Rockets,1.0,-4.943380331899149,-6.832387941673048
0,21600312,1.480896e+18,Hornets,Mavericks,0.0,-10.334531924097917,-13.528559562116627
0,21600308,1.480896e+18,Trail Blazers,Bulls,0.0,3.072109138342668,6.598782198472321
0,21600314,1.480896e+18,Pacers,Warriors,1.0,29.05590330181235,27.388368262773838
0,21600305,1.480896e+18,Cavaliers,Raptors,0.0,23.17417294147198,17.61046215864299
0,21600309,1.480896e+18,Spurs,Bucks,0.0,3.952559090171107,2.880474271772812
0,21600310,1.480896e+18,Grizzlies,Pelicans,0.0,8.449963893026379,10.485449941261649
0,21600304,1.480896e+18,Nuggets,76ers,0.0,-11.327292363052507,-12.234634993966168
0,21600306,1.480896e+18,Wizards,Nets,0.0,-18.526646522580506,-17.454561704182197
0,21600303,1.4808096e+18,Pacers,Clippers,0.0,9.296251457236323,3.9713699354489904
0,21600302,1.4808096e+18,Kings,Knicks,1.0,1.261977501898329,0.4992635203275029
0,21600300,1.4808096e+18,Magic,Pistons,0.0,18.882216092387083,17.232350991439887
0,21600301,1.4808096e+18,Pelicans,Thunder,1.0,-2.410185576082924,-5.518684921218664
0,21600296,1.4807232e+18,Bulls,Mavericks,1.0,-14.533343015222002,-12.571463779918318
0,21600299,1.4807232e+18,Suns,Warriors,1.0,30.93083119101145,31.92474148841245
0,21600293,1.4807232e+18,Hawks,Raptors,1.0,19.8661126646748,11.810020184988986
0,21600292,1.4807232e+18,Timberwolves,Hornets,0.0,-3.3338570546499113,-4.659366932167657
0,21600298,1.4807232e+18,Heat,Trail Blazers,1.0,-2.7247446060474942,-5.661646190549533
0,21600291,1.4807232e+18,Nets,Bucks,1.0,1.7655072359130486,-2.9582573036567794
0,21600295,1.4807232e+18,Lakers,Grizzlies,1.0,0.00391645186978451,-4.856621844230105
0,21600294,1.4807232e+18,Celtics,76ers,0.0,-11.863599636201641,-8.962387297189878
0,21600297,1.4807232e+18,Nuggets,Jazz,1.0,19.670193425629492,17.44290781808256
0,21600289,1.4806368e+18,Wizards,Spurs,1.0,7.934207936146436,6.301928939990262
0,21600285,1.4806368e+18,Timberwolves,Knicks,1.0,-0.230254632806961,-0.554338120570705
0,21600288,1.4806368e+18,Pistons,Hawks,0.0,2.4348659718577608,4.0699189661093556
0,21600286,1.4806368e+18,Cavaliers,Bulls,1.0,4.037159820552034,2.3986090990666327
0,21600283,1.4806368e+18,Kings,Celtics,1.0,14.753603006775819,14.910506887069005
0,21600284,1.4806368e+18,Lakers,Raptors,1.0,17.217664791622923,15.595941743409696
0,21600290,1.4806368e+18,Rockets,Nuggets,0.0,-15.974636687757538,-14.112899245610862
0,21600287,1.4806368e+18,Clippers,Pelicans,0.0,16.537716760235966,16.478426729936473
0,21600282,1.4806368e+18,Magic,76ers,0.0,-10.60240856062363,-8.309122717801216
0,21600279,1.4805504e+18,Clippers,Cavaliers,0.0,7.116627603479998,8.429632820881665
0,21600281,1.4805504e+18,Rockets,Warriors,0.0,35.64399241630568,32.36105011273273
0,21600276,1.4805504e+18,Mavericks,Hornets,1.0,-5.73109375530025,-4.587674558486739
0,21600278,1.4805504e+18,Magic,Grizzlies,1.0,0.28841445893060325,3.8136866572953068
0,21600277,1.4805504e+18,Bucks,Nets,0.0,-19.25329407078462,-17.940288853382953
0,21600280,1.4805504e+18,Heat,Jazz,0.0,21.761796590167606,20.573629939799545
0,21600271,1.480464e+18,Knicks,Timberwolves,0.0,-18.432174758528333,-18.090093028594026
0,21600272,1.480464e+18,Spurs,Mavericks,0.0,-15.554489530949951,-18.205530963339427
0,21600269,1.480464e+18,Lakers,Bulls,0.0,8.098865991848953,4.5424747796254366
0,21600267,1.480464e+18,Pistons,Celtics,0.0,17.942558113529913,18.86345960580607
0,21600268,1.480464e+18,Grizzlies,Raptors,1.0,16.65575998810219,11.883111306105363
0,21600275,1.480464e+18,Pacers,Trail Blazers,1.0,-6.280820302664864,-1.8126988007339833
0,21600273,1.480464e+18,Heat,Nuggets,0.0,-16.556513217335464,-18.48596718534594
0,21600270,1.480464e+18,Wizards,Thunder,1.0,-4.145964683016587,-4.222278431465725
0,21600274,1.480464e+18,Hawks,Suns,1.0,8.098492795106822,8.308620452029501
0,21600264,1.4803776e+18,Magic,Spurs,0.0,10.444905450571696,8.380961001039637
0,21600260,1.4803776e+18,Pistons,Hornets,0.0,-4.716461403717844,-8.291287649100738
0,21600262,1.4803776e+18,Cavaliers,Bucks,1.0,-0.5171341804837795,-1.0319371518678935
0,21600263,1.4803776e+18,Lakers,Pelicans,1.0,16.617349560788355,19.49778745662715
0,21600261,1.4803776e+18,Clippers,Nets,1.0,-21.616161299955635,-22.261866344859698
0,21600265,1.4803776e+18,Rockets,Jazz,1.0,21.155506469377443,22.01852975012359
0,21600253,1.4802912e+18,Kings,Wizards,1.0,-0.8030579489762744,2.0364250771648074
0,21600258,1.4802912e+18,Jazz,Timberwolves,0.0,-19.54564650188746,-14.500219330845425
0,21600255,1.4802912e+18,Thunder,Knicks,0.0,-1.1681731482637616,1.682654433354358
0,21600256,1.4802912e+18,Celtics,Heat,0.0,-19.55815724413918,-19.96605858987354
0,21600259,1.4802912e+18,Hawks,Warriors,1.0,39.44855219482369,35.91502523965545
0,21600254,1.4802912e+18,76ers,Raptors,1.0,15.422848419260077,14.297455421139603
0,21600257,1.4802912e+18,Hornets,Grizzlies,0.0,6.110768538795355,6.811981280408702
0,21600252,1.4802048e+18,Hawks,Lakers,1.0,-41.846936356869804,-42.446848192569874
0,21600249,1.4802048e+18,Clippers,Pacers,1.0,-10.213228873504931,-13.457561250663545
0,21600250,1.4802048e+18,Pelicans,Mavericks,1.0,-18.52319410258322,-15.693028972585594
0,21600251,1.4802048e+18,Rockets,Trail Blazers,0.0,-4.810784410561723,-4.405003057282158
0,21600245,1.4802048e+18,Cavaliers,76ers,0.0,-9.025341090968993,-4.0231943019310705
0,21600248,1.4802048e+18,Bucks,Magic,0.0,-11.461235956981454,-12.106384065567426
0,21600247,1.4802048e+18,Kings,Nets,0.0,-22.10721482851929,-21.185903784103587
0,21600246,1.4802048e+18,Nuggets,Suns,0.0,10.14717659016165,10.918824910684066
0,21600240,1.4801184e+18,Spurs,Wizards,0.0,-0.10189459028099179,0.7326909406690731
0,21600243,1.4801184e+18,Grizzlies,Heat,0.0,-21.621143554639374,-24.121890501088245
0,21600244,1.4801184e+18,Timberwolves,Warriors,1.0,41.846936356869804,40.640866659689976
0,21600241,1.4801184e+18,Knicks,Hornets,1.0,-9.909023514962854,-9.076937696595152
0,21600242,1.4801184e+18,Pistons,Thunder,1.0,-8.774598123445841,-8.238005318656462
0,21600238,1.480032e+18,Warriors,Lakers,0.0,-43.75379607435218,-35.00303685948174
0,21600234,1.480032e+18,Nets,Pacers,1.0,-13.811296192915052,-14.640197365668058
0,21600228,1.480032e+18,Hornets,Knicks,1.0,0.591879898730511,-0.8611475561779542
0,21600227,1.480032e+18,Mavericks,Cavaliers,1.0,6.33403301442786,4.0558315274114705
0,21600230,1.480032e+18,Clippers,Pistons,1.0,25.412796697626447,24.516315213437395
0,21600225,1.480032e+18,Spurs,Celtics,0.0,22.10030792044519,20.94505275126501
0,21600237,1.480032e+18,Pelicans,Trail Blazers,1.0,-6.33403301442786,-3.3467420568261446
0,21600233,1.480032e+18,Heat,Grizzlies,0.0,8.603560815946679,5.201925064589361
0,21600235,1.480032e+18,Thunder,Nuggets,0.0,-21.058323538655955,-19.981980073201072
0,21600232,1.480032e+18,Raptors,Bucks,0.0,1.7054966307640456,2.9013125014864727
0,21600226,1.480032e+18,Wizards,Magic,0.0,-12.67736309214962,-10.648307662240569
0,21600229,1.480032e+18,Bulls,76ers,0.0,-8.603560815946679,-7.879278229372119
0,21600236,1.480032e+18,Timberwolves,Suns,0.0,12.67736309214962,9.055739126775748
0,21600231,1.480032e+18,Hawks,Jazz,1.0,21.058323538655955,20.333620804081875
0,21600239,1.480032e+18,Rockets,Kings,0.0,10.294888884107138,7.6291676471823
0,21600216,1.4798592e+18,Hawks,Pacers,0.0,-2.966771455851017,-1.541490168392599
0,21600215,1.4798592e+18,Trail Blazers,Cavaliers,1.0,5.430506413594273,2.5095620565813164
0,21600218,1.4798592e+18,Heat,Pistons,1.0,-4.979292559111087,-4.530466340847255
0,21600219,1.4798592e+18,Raptors,Rockets,0.0,6.094530910269626,4.135569387955343
0,21600220,1.4798592e+18,Clippers,Mavericks,0.0,-7.113138428957754,-5.779872522667915
0,21600223,1.4798592e+18,Lakers,Warriors,1.0,13.983496065983175,10.448384751343056
0,21600213,1.4798592e+18,Spurs,Hornets,0.0,2.9483473861086082,4.364251975326894
0,21600222,1.4798592e+18,Timberwolves,Pelicans,1.0,-0.05097773519760551,-3.0905748629200502
0,21600214,1.4798592e+18,Suns,Magic,0.0,-5.517805708282594,-5.838708351185005
0,21600212,1.4798592e+18,Grizzlies,76ers,0.0,-7.757524397933608,-7.384781414638979
0,21600217,1.4798592e+18,Celtics,Nets,0.0,-8.666081319431328,-5.497994404362544
0,21600221,1.4798592e+18,Nuggets,Jazz,1.0,3.00210119452278,4.224196784948205
0,21600224,1.4798592e+18,Thunder,Kings,1.0,-6.253516779562389,-6.051446232652992
0,21600211,1.4797728e+18,Thunder,Lakers,1.0,3.1497107009581953,3.5420003194165304
0,21600208,1.4797728e+18,Trail Blazers,Knicks,1.0,-2.1693869251946154,-0.6640289226969429
0,21600209,1.4797728e+18,Pelicans,Hawks,0.0,4.788992508227082,6.686099285562733
0,21600210,1.4797728e+18,Bulls,Nuggets,1.0,-3.7464224729336877,-3.663912346833186
0,21600207,1.4796864e+18,Raptors,Clippers,1.0,16.399593695257437,16.566174088206452
0,21600206,1.4796864e+18,Mavericks,Spurs,1.0,2.5301748782589613,0.8046655932340343
0,21600202,1.4796864e+18,Warriors,Pacers,0.0,-1.3390593066578305,-1.8216364498808417
0,21600200,1.4796864e+18,Suns,Wizards,1.0,-1.3376644749209845,-2.612170620611465
0,21600205,1.4796864e+18,Celtics,Timberwolves,0.0,3.0689183628971364,5.310509065484524
0,21600203,1.4796864e+18,Rockets,Pistons,0.0,-5.072495465481168,-4.814423111734058
0,21600201,1.4796864e+18,Grizzlies,Hornets,0.0,3.5048312264672177,6.670397747387582
0,21600204,1.4796864e+18,Magic,Bucks,1.0,-0.30522498158038047,0.8697417247705062
0,21600199,1.4796864e+18,Heat,76ers,1.0,-10.605894959318022,-11.880401105008517
0,21600198,1.4796e+18,Bulls,Lakers,0.0,3.189837628195221,3.8146539281656118
0,21600193,1.4796e+18,Hawks,Knicks,1.0,-4.204076077406626,-3.3497345859704666
0,21600197,1.4796e+18,Jazz,Nuggets,1.0,-4.969799465217193,-5.21774227326668
0,21600195,1.4796e+18,Pacers,Thunder,0.0,-1.6262391993111294,-5.470859308359806
0,21600194,1.4796e+18,Trail Blazers,Nets,0.0,-6.313978428111611,-6.0353871020124785
0,21600196,1.4796e+18,Raptors,Kings,1.0,-7.1380995638531175,-5.833642517973814
0,21600192,1.4795136e+18,Bulls,Clippers,1.0,15.96987731839036,15.142436096467037
0,21600186,1.4795136e+18,Heat,Wizards,0.0,-1.8269633640113199,-0.5875551826339205
0,21600188,1.4795136e+18,Celtics,Pistons,0.0,-3.898402147462434,-3.096719953116775
0,21600184,1.4795136e+18,Jazz,Rockets,1.0,3.0860367624206475,0.9103352966229323
0,21600190,1.4795136e+18,Timberwolves,Grizzlies,1.0,-3.7246134523811776,-2.9522182102215737
0,21600191,1.4795136e+18,Warriors,Bucks,0.0,0.05855898602003151,3.8796283528004807
0,21600185,1.4795136e+18,Hornets,Pelicans,1.0,-4.073414660925721,-5.627977745111508
0,21600189,1.4795136e+18,Suns,76ers,1.0,-12.303346143738409,-7.41181794070998
0,21600187,1.4795136e+18,Mavericks,Magic,1.0,-7.204263912527679,-10.356085794705805
0,21600182,1.4794272e+18,Spurs,Lakers,0.0,2.772487016496001,1.9225235804662333
0,21600176,1.4794272e+18,Suns,Pacers,0.0,-1.1739858468905595,-4.171327394026861
0,21600175,1.4794272e+18,Pistons,Cavaliers,1.0,3.3552057657205836,4.575872215128086
0,21600180,1.4794272e+18,Grizzlies,Mavericks,0.0,-4.403715323434341,-3.3019175725168566
0,21600179,1.4794272e+18,Warriors,Celtics,0.0,1.4685890431282758,0.9578826861171308
0,21600174,1.4794272e+18,Hawks,Hornets,1.0,6.801881209195557,7.03730285952345
0,21600181,1.4794272e+18,Raptors,Nuggets,0.0,-5.271807204955223,-6.797384113203435
0,21600177,1.4794272e+18,Trail Blazers,Pelicans,1.0,-7.555784476233356,-8.170486844638603
0,21600178,1.4794272e+18,Nets,Thunder,1.0,-2.2041443227420103,-3.682304349782058
0,21600183,1.4794272e+18,Clippers,Kings,0.0,-6.762814753162985,-6.828572292264724
0,21600169,1.4793408e+18,Knicks,Wizards,1.0,-4.7577439195924,-3.2103654068233567
0,21600172,1.4793408e+18,76ers,Timberwolves,1.0,2.9132678788152475,5.138533402507349
0,21600170,1.4793408e+18,Bucks,Heat,1.0,-4.027166461855018,-5.10845309825261
0,21600171,1.4793408e+18,Trail Blazers,Rockets,1.0,1.9480529579316368,-0.0929188195084123
0,21600173,1.4793408e+18,Bulls,Jazz,0.0,6.0927857822678675,8.51382916638235
0,21600167,1.4792544e+18,Grizzlies,Clippers,0.0,18.12485556307631,15.156235369125781
0,21600166,1.4792544e+18,Suns,Nuggets,1.0,-6.214098008403795,-6.566577887290791
0,21600164,1.4792544e+18,Rockets,Thunder,1.0,-2.634448870241073,1.409320206026635
0,21600159,1.4792544e+18,Pelicans,Magic,1.0,-10.45576155330511,-8.437774074788479
0,21600168,1.4792544e+18,Spurs,Kings,0.0,-7.906133818552092,-6.926157536336348
0,21600157,1.479168e+18,Nets,Lakers,1.0,0.5533650185389831,-0.11652241558159915
0,21600156,1.479168e+18,Bulls,Trail Blazers,0.0,-3.78885252014031,-3.831004028725104
0,21600145,1.4790816e+18,Magic,Pacers,1.0,-5.371556973125578,-2.9046020659346397
0,21600147,1.4790816e+18,Thunder,Pistons,1.0,-0.6012548157489306,-2.652890530878892
