,GAME_DATE_EST,GAME_SEQUENCE,GAME_ID,GAME_STATUS_ID,GAME_STATUS_TEXT,GAMECODE,HOME_TEAM_ID,VISITOR_TEAM_ID,SEASON,LIVE_PERIOD,LIVE_PC_TIME,NATL_TV_BROADCASTER_ABBREVIATION,LIVE_PERIOD_TIME_BCAST,WH_STATUS
0,2018-12-05T00:00:00,1,0021800355,1,7:00 pm ET,20181205/GSWCLE,1610612739,1610612744,2018,0,     ,,Q0       - ,0
1,2018-12-05T00:00:00,2,0021800356,1,7:00 pm ET,20181205/DENORL,1610612753,1610612743,2018,0,     ,,Q0       - ,0
2,2018-12-05T00:00:00,3,0021800357,1,7:30 pm ET,20181205/WASATL,1610612737,1610612764,2018,0,     ,,Q0       - ,0
3,2018-12-05T00:00:00,4,0021800358,1,7:30 pm ET,20181205/OKCBKN,1610612751,1610612760,2018,0,     ,,Q0       - ,0
4,2018-12-05T00:00:00,5,0021800359,1,8:00 pm ET,20181205/PHITOR,1610612761,1610612755,2018,0,     ,ESPN,Q0       - ESPN,0
5,2018-12-05T00:00:00,6,0021800360,1,8:00 pm ET,20181205/LACMEM,1610612763,1610612746,2018,0,     ,,Q0       - ,0
6,2018-12-05T00:00:00,7,0021800361,1,8:00 pm ET,20181205/DETMIL,1610612749,1610612765,2018,0,     ,,Q0       - ,0
7,2018-12-05T00:00:00,8,0021800362,1,8:00 pm ET,20181205/CHAMIN,1610612750,1610612766,2018,0,     ,,Q0       - ,0
8,2018-12-05T00:00:00,9,0021800363,1,8:00 pm ET,20181205/DALNOP,1610612740,1610612742,2018,0,     ,,Q0       - ,0
9,2018-12-05T00:00:00,10,0021800364,1,10:30 pm ET,20181205/SASLAL,1610612747,1610612759,2018,0,     ,ESPN,Q0       - ESPN,0
0,2018-12-04T00:00:00,1,0021800350,1,7:00 pm ET,20181204/CHIIND,1610612754,1610612741,2018,0,     ,,Q0       - ,0
1,2018-12-04T00:00:00,2,0021800351,1,7:30 pm ET,20181204/ORLMIA,1610612748,1610612753,2018,0,     ,,Q0       - ,0
2,2018-12-04T00:00:00,3,0021800352,1,8:30 pm ET,20181204/PORDAL,1610612742,1610612757,2018,0,     ,,Q0       - ,0
3,2018-12-04T00:00:00,4,0021800353,1,9:00 pm ET,20181204/SACPHX,1610612756,1610612758,2018,0,     ,,Q0       - ,0
4,2018-12-04T00:00:00,5,0021800354,1,9:00 pm ET,20181204/SASUTA,1610612762,1610612759,2018,0,     ,NBA TV,Q0       - NBA TV,0
0,2018-12-03T00:00:00,1,0021800343,3,Final,20181203/OKCDET,1610612765,1610612760,2018,4,     ,NBA TV,Q4       - NBA TV,1
1,2018-12-03T00:00:00,2,0021800344,3,Final,20181203/GSWATL,1610612737,1610612744,2018,4,     ,,Q4       - ,1
2,2018-12-03T00:00:00,3,0021800345,3,Final,20181203/CLEBKN,1610612751,1610612739,2018,4,     ,,Q4       - ,1
3,2018-12-03T00:00:00,4,0021800346,3,Final,20181203/WASNYK,1610612752,1610612764,2018,4,     ,,Q4       - ,1
4,2018-12-03T00:00:00,5,0021800347,3,Final,20181203/DENTOR,1610612761,1610612743,2018,4,     ,,Q4       - ,1
5,2018-12-03T00:00:00,6,0021800348,3,Final,20181203/HOUMIN,1610612750,1610612745,2018,4,     ,,Q4       - ,1
6,2018-12-03T00:00:00,7,0021800349,3,Final,20181203/LACNOP,1610612740,1610612746,2018,4,     ,,Q4       - ,1
0,2018-12-02T00:00:00,1,0021800337,3,Final,20181202/PHXLAL,1610612747,1610612756,2018,4,     ,,Q4       - ,1
1,2018-12-02T00:00:00,2,0021800338,3,Final,20181202/NOPCHA,1610612766,1610612740,2018,4,     ,,Q4       - ,1
2,2018-12-02T00:00:00,3,0021800339,3,Final,20181202/UTAMIA,1610612748,1610612762,2018,4,     ,,Q4       - ,1
3,2018-12-02T00:00:00,4,0021800340,3,Final,20181202/MEMPHI,1610612755,1610612763,2018,4,     ,,Q4       - ,0
4,2018-12-02T00:00:00,5,0021800341,3,Final,20181202/LACDAL,1610612742,1610612746,2018,4,     ,,Q4       - ,1
5,2018-12-02T00:00:00,6,0021800342,3,Final,20181202/PORSAS,1610612759,1610612757,2018,4,     ,,Q4       - ,1
0,2018-12-01T00:00:00,1,0021800330,3,Final,20181201/MILNYK,1610612752,1610612749,2018,5,     ,,Q5       - ,1
1,2018-12-01T00:00:00,2,0021800331,3,Final,20181201/GSWDET,1610612765,1610612744,2018,4,     ,,Q4       - ,1
2,2018-12-01T00:00:00,3,0021800333,3,Final,20181201/BKNWAS,1610612764,1610612751,2018,4,     ,,Q4       - ,1
3,2018-12-01T00:00:00,4,0021800332,3,Final,20181201/TORCLE,1610612739,1610612761,2018,4,     ,,Q4       - ,1
4,2018-12-01T00:00:00,5,0021800334,3,Final,20181201/CHIHOU,1610612745,1610612741,2018,4,     ,,Q4       - ,1
5,2018-12-01T00:00:00,6,0021800335,3,Final,20181201/BOSMIN,1610612750,1610612738,2018,4,     ,NBA TV,Q4       - NBA TV,1
6,2018-12-01T00:00:00,7,0021800336,3,Final,20181201/INDSAC,1610612758,1610612754,2018,4,     ,,Q4       - ,1
0,2018-11-30T00:00:00,1,0021800319,3,Final,20181130/CLEBOS,1610612738,1610612739,2018,4,     ,,Q4       - ,1
1,2018-11-30T00:00:00,2,0021800320,3,Final,20181130/UTACHA,1610612766,1610612762,2018,4,     ,,Q4       - ,1
2,2018-11-30T00:00:00,3,0021800321,3,Final,20181130/CHIDET,1610612765,1610612741,2018,4,     ,,Q4       - ,1
3,2018-11-30T00:00:00,4,0021800322,3,Final,20181130/WASPHI,1610612755,1610612764,2018,4,     ,,Q4       - ,1
4,2018-11-30T00:00:00,5,0021800323,3,Final,20181130/MEMBKN,1610612751,1610612763,2018,6,     ,,Q6       - ,1
5,2018-11-30T00:00:00,6,0021800324,3,Final,20181130/NOPMIA,1610612748,1610612740,2018,4,     ,,Q4       - ,1
6,2018-11-30T00:00:00,7,0021800325,3,Final,20181130/ATLOKC,1610612760,1610612737,2018,4,     ,,Q4       - ,0
7,2018-11-30T00:00:00,8,0021800326,3,Final,20181130/HOUSAS,1610612759,1610612745,2018,4,     ,ESPN,Q4       - ESPN,1
8,2018-11-30T00:00:00,9,0021800327,3,Final,20181130/ORLPHX,1610612756,1610612753,2018,4,     ,,Q4       - ,1
9,2018-11-30T00:00:00,10,0021800328,3,Final,20181130/DALLAL,1610612747,1610612742,2018,4,     ,,Q4       - ,1
10,2018-11-30T00:00:00,11,0021800329,3,Final,20181130/DENPOR,1610612757,1610612743,2018,4,     ,ESPN,Q4       - ESPN,1
0,2018-11-29T00:00:00,1,0021800316,3,Final,20181129/GSWTOR,1610612761,1610612744,2018,5,     ,TNT,Q5       - TNT,1
1,2018-11-29T00:00:00,2,0021800317,3,Final,20181129/INDLAL,1610612747,1610612754,2018,4,     ,,Q4       - ,1
2,2018-11-29T00:00:00,3,0021800318,3,Final,20181129/LACSAC,1610612758,1610612746,2018,4,     ,TNT,Q4       - TNT,1
0,2018-11-28T00:00:00,1,0021800306,3,Final,20181128/ATLCHA,1610612766,1610612737,2018,4,     ,,Q4       - ,1
1,2018-11-28T00:00:00,2,0021800307,3,Final,20181128/NYKPHI,1610612755,1610612752,2018,4,     ,NBA TV,Q4       - NBA TV,1
2,2018-11-28T00:00:00,3,0021800308,3,Final,20181128/UTABKN,1610612751,1610612762,2018,4,     ,,Q4       - ,1
3,2018-11-28T00:00:00,4,0021800309,3,Final,20181128/DALHOU,1610612745,1610612742,2018,4,     ,,Q4       - ,1
4,2018-11-28T00:00:00,5,0021800310,3,Final,20181128/CHIMIL,1610612749,1610612741,2018,4,     ,,Q4       - ,1
5,2018-11-28T00:00:00,6,0021800311,3,Final,20181128/SASMIN,1610612750,1610612759,2018,4,     ,,Q4       - ,1
6,2018-11-28T00:00:00,7,0021800312,3,Final,20181128/WASNOP,1610612740,1610612764,2018,4,     ,,Q4       - ,1
7,2018-11-28T00:00:00,8,0021800313,3,Final,20181128/CLEOKC,1610612760,1610612739,2018,4,     ,,Q4       - ,1
8,2018-11-28T00:00:00,9,0021800314,3,Final,20181128/ORLPOR,1610612757,1610612753,2018,4,     ,NBA TV,Q4       - NBA TV,1
9,2018-11-28T00:00:00,10,0021800315,3,Final,20181128/PHXLAC,1610612746,1610612756,2018,4,     ,,Q4       - ,1
0,2018-11-27T00:00:00,1,0021800301,3,Final,20181127/NYKDET,1610612765,1610612752,2018,4,     ,,Q4       - ,1
1,2018-11-27T00:00:00,2,0021800302,3,Final,20181127/ATLMIA,1610612748,1610612737,2018,4,     ,,Q4       - ,1
2,2018-11-27T00:00:00,3,0021800303,3,Final,20181127/TORMEM,1610612763,1610612761,2018,4,     ,,Q4       - ,1
3,2018-11-27T00:00:00,4,0021800304,3,Final,20181127/LALDEN,1610612743,1610612747,2018,4,     ,NBA TV,Q4       - NBA TV,1
4,2018-11-27T00:00:00,5,0021800305,3,Final,20181127/INDPHX,1610612756,1610612754,2018,4,     ,,Q4       - ,1
0,2018-11-26T00:00:00,1,0021800294,3,Final,20181126/MILCHA,1610612766,1610612749,2018,4,     ,,Q4       - ,1
1,2018-11-26T00:00:00,2,0021800295,3,Final,20181126/MINCLE,1610612739,1610612750,2018,4,     ,,Q4       - ,1
2,2018-11-26T00:00:00,3,0021800296,3,Final,20181126/HOUWAS,1610612764,1610612745,2018,5,     ,NBA TV,Q5       - NBA TV,1
3,2018-11-26T00:00:00,4,0021800297,3,Final,20181126/SASCHI,1610612741,1610612759,2018,4,     ,,Q4       - ,1
4,2018-11-26T00:00:00,5,0021800298,3,Final,20181126/BOSNOP,1610612740,1610612738,2018,4,     ,,Q4       - ,1
5,2018-11-26T00:00:00,6,0021800299,3,Final,20181126/INDUTA,1610612762,1610612754,2018,4,     ,,Q4       - ,1
6,2018-11-26T00:00:00,7,0021800300,3,Final,20181126/ORLGSW,1610612744,1610612753,2018,4,     ,,Q4       - ,1
0,2018-11-25T00:00:00,1,0021800286,3,Final,20181125/ORLLAL,1610612747,1610612753,2018,4,     ,,Q4       - ,1
1,2018-11-25T00:00:00,2,0021800287,3,Final,20181125/PHXDET,1610612765,1610612756,2018,4,     ,,Q4       - ,1
2,2018-11-25T00:00:00,3,0021800288,3,Final,20181125/CHAATL,1610612737,1610612766,2018,4,     ,,Q4       - ,1
3,2018-11-25T00:00:00,4,0021800289,3,Final,20181125/PHIBKN,1610612751,1610612755,2018,4,     ,,Q4       - ,1
4,2018-11-25T00:00:00,5,0021800290,3,Final,20181125/MIATOR,1610612761,1610612748,2018,4,     ,,Q4       - ,1
5,2018-11-25T00:00:00,6,0021800291,3,Final,20181125/NYKMEM,1610612763,1610612752,2018,4,     ,,Q4       - ,1
6,2018-11-25T00:00:00,7,0021800292,3,Final,20181125/UTASAC,1610612758,1610612762,2018,4,     ,,Q4       - ,1
7,2018-11-25T00:00:00,8,0021800293,3,Final,20181125/LACPOR,1610612757,1610612746,2018,4,     ,,Q4       - ,1
0,2018-11-24T00:00:00,1,0021800279,3,Final,20181124/HOUCLE,1610612739,1610612745,2018,4,     ,,Q4       - ,1
1,2018-11-24T00:00:00,2,0021800280,3,Final,20181124/NOPWAS,1610612764,1610612740,2018,4,     ,,Q4       - ,1
2,2018-11-24T00:00:00,3,0021800281,3,Final,20181124/CHIMIN,1610612750,1610612741,2018,4,     ,,Q4       - ,1
3,2018-11-24T00:00:00,4,0021800282,3,Final,20181124/DENOKC,1610612760,1610612743,2018,4,     ,,Q4       - ,1
4,2018-11-24T00:00:00,5,0021800283,3,Final,20181124/BOSDAL,1610612742,1610612738,2018,4,     ,,Q4       - ,1
5,2018-11-24T00:00:00,6,0021800284,3,Final,20181124/SASMIL,1610612749,1610612759,2018,4,     ,NBA TV,Q4       - NBA TV,1
6,2018-11-24T00:00:00,7,0021800285,3,Final,20181124/SACGSW,1610612744,1610612758,2018,4,     ,,Q4       - ,1
0,2018-11-23T00:00:00,1,0021800265,3,Final,20181123/MINBKN,1610612751,1610612750,2018,4,     ,,Q4       - ,1
1,2018-11-23T00:00:00,2,0021800266,3,Final,20181123/MEMLAC,1610612746,1610612763,2018,5,     ,,Q5       - ,1
2,2018-11-23T00:00:00,3,0021800267,3,Final,20181123/HOUDET,1610612765,1610612745,2018,5,     ,NBA TV,Q5       - NBA TV,1
3,2018-11-23T00:00:00,4,0021800268,3,Final,20181123/BOSATL,1610612737,1610612738,2018,4,     ,,Q4       - ,1
4,2018-11-23T00:00:00,5,0021800269,3,Final,20181123/NOPNYK,1610612752,1610612740,2018,4,     ,,Q4       - ,1
5,2018-11-23T00:00:00,6,0021800270,3,Final,20181123/CLEPHI,1610612755,1610612739,2018,4,     ,,Q4       - ,1
6,2018-11-23T00:00:00,7,0021800271,3,Final,20181123/WASTOR,1610612761,1610612764,2018,4,     ,,Q4       - ,1
7,2018-11-23T00:00:00,8,0021800272,3,Final,20181123/SASIND,1610612754,1610612759,2018,4,     ,,Q4       - ,1
8,2018-11-23T00:00:00,9,0021800273,3,Final,20181123/MIACHI,1610612741,1610612748,2018,4,     ,,Q4       - ,1
9,2018-11-23T00:00:00,10,0021800274,3,Final,20181123/CHAOKC,1610612760,1610612766,2018,4,     ,,Q4       - ,1
10,2018-11-23T00:00:00,11,0021800275,3,Final,20181123/PHXMIL,1610612749,1610612756,2018,4,     ,,Q4       - ,1
11,2018-11-23T00:00:00,12,0021800276,3,Final,20181123/ORLDEN,1610612743,1610612753,2018,4,     ,,Q4       - ,1
12,2018-11-23T00:00:00,13,0021800277,3,Final,20181123/PORGSW,1610612744,1610612757,2018,4,     ,,Q4       - ,1
13,2018-11-23T00:00:00,14,0021800278,3,Final,20181123/UTALAL,1610612747,1610612762,2018,4,     ,NBA TV,Q4       - NBA TV,1
0,2018-11-21T00:00:00,1,0021800252,3,Final,20181121/INDCHA,1610612766,1610612754,2018,4,     ,,Q4       - ,1
1,2018-11-21T00:00:00,2,0021800253,3,Final,20181121/NOPPHI,1610612755,1610612740,2018,4,     ,,Q4       - ,1
2,2018-11-21T00:00:00,3,0021800254,3,Final,20181121/TORATL,1610612737,1610612761,2018,4,     ,,Q4       - ,1
3,2018-11-21T00:00:00,4,0021800255,3,Final,20181121/NYKBOS,1610612738,1610612752,2018,4,     ,,Q4       - ,1
4,2018-11-21T00:00:00,5,0021800256,3,Final,20181121/LALCLE,1610612739,1610612747,2018,4,     ,ESPN,Q4       - ESPN,1
5,2018-11-21T00:00:00,6,0021800257,3,Final,20181121/PHXCHI,1610612741,1610612756,2018,4,     ,,Q4       - ,1
6,2018-11-21T00:00:00,7,0021800258,3,Final,20181121/DETHOU,1610612745,1610612765,2018,4,     ,,Q4       - ,1
7,2018-11-21T00:00:00,8,0021800259,3,Final,20181121/PORMIL,1610612749,1610612757,2018,4,     ,,Q4       - ,1
8,2018-11-21T00:00:00,9,0021800260,3,Final,20181121/DENMIN,1610612750,1610612743,2018,4,     ,,Q4       - ,1
9,2018-11-21T00:00:00,10,0021800261,3,Final,20181121/BKNDAL,1610612742,1610612751,2018,4,     ,,Q4       - ,1
10,2018-11-21T00:00:00,11,0021800262,3,Final,20181121/MEMSAS,1610612759,1610612763,2018,4,     ,,Q4       - ,1
11,2018-11-21T00:00:00,12,0021800263,3,Final,20181121/SACUTA,1610612762,1610612758,2018,4,     ,,Q4       - ,1
12,2018-11-21T00:00:00,13,0021800264,3,Final,20181121/OKCGSW,1610612744,1610612760,2018,4,     ,ESPN,Q4       - ESPN,1
0,2018-11-21T00:00:00,1,0021800252,3,Final,20181121/INDCHA,1610612766,1610612754,2018,4,     ,,Q4       - ,1
1,2018-11-21T00:00:00,2,0021800253,3,Final,20181121/NOPPHI,1610612755,1610612740,2018,4,     ,,Q4       - ,1
2,2018-11-21T00:00:00,3,0021800254,3,Final,20181121/TORATL,1610612737,1610612761,2018,4,     ,,Q4       - ,1
3,2018-11-21T00:00:00,4,0021800255,3,Final,20181121/NYKBOS,1610612738,1610612752,2018,4,     ,,Q4       - ,1
4,2018-11-21T00:00:00,5,0021800256,3,Final,20181121/LALCLE,1610612739,1610612747,2018,4,     ,ESPN,Q4       - ESPN,1
5,2018-11-21T00:00:00,6,0021800257,3,Final,20181121/PHXCHI,1610612741,1610612756,2018,4,     ,,Q4       - ,1
6,2018-11-21T00:00:00,7,0021800258,3,Final,20181121/DETHOU,1610612745,1610612765,2018,4,     ,,Q4       - ,1
7,2018-11-21T00:00:00,8,0021800259,3,Final,20181121/PORMIL,1610612749,1610612757,2018,4,     ,,Q4       - ,1
8,2018-11-21T00:00:00,9,0021800260,3,Final,20181121/DENMIN,1610612750,1610612743,2018,4,     ,,Q4       - ,1
9,2018-11-21T00:00:00,10,0021800261,3,Final,20181121/BKNDAL,1610612742,1610612751,2018,4,     ,,Q4       - ,1
10,2018-11-21T00:00:00,11,0021800262,3,Final,20181121/MEMSAS,1610612759,1610612763,2018,4,     ,,Q4       - ,1
11,2018-11-21T00:00:00,12,0021800263,3,Final,20181121/SACUTA,1610612762,1610612758,2018,4,     ,,Q4       - ,1
12,2018-11-21T00:00:00,13,0021800264,3,Final,20181121/OKCGSW,1610612744,1610612760,2018,4,     ,ESPN,Q4       - ESPN,1
0,2018-11-20T00:00:00,1,0021800248,3,Final,20181120/TORORL,1610612753,1610612761,2018,4,     ,,Q4       - ,1
1,2018-11-20T00:00:00,2,0021800249,3,Final,20181120/LACWAS,1610612764,1610612746,2018,4,     ,,Q4       - ,1
2,2018-11-20T00:00:00,3,0021800250,3,Final,20181120/BKNMIA,1610612748,1610612751,2018,4,     ,,Q4       - ,1
3,2018-11-20T00:00:00,4,0021800251,3,Final,20181120/PORNYK,1610612752,1610612757,2018,4,     ,NBA TV,Q4       - NBA TV,1
0,2018-11-19T00:00:00,1,0021800239,3,Final,20181119/BOSCHA,1610612766,1610612738,2018,4,     ,,Q4       - ,1
1,2018-11-19T00:00:00,2,0021800240,3,Final,20181119/CLEDET,1610612765,1610612739,2018,4,     ,,Q4       - ,1
2,2018-11-19T00:00:00,3,0021800241,3,Final,20181119/UTAIND,1610612754,1610612762,2018,4,     ,,Q4       - ,1
3,2018-11-19T00:00:00,4,0021800242,3,Final,20181119/PHXPHI,1610612755,1610612756,2018,4,     ,NBA TV,Q4       - NBA TV,1
4,2018-11-19T00:00:00,5,0021800243,3,Final,20181119/LACATL,1610612737,1610612746,2018,4,     ,,Q4       - ,1
5,2018-11-19T00:00:00,6,0021800244,3,Final,20181119/DALMEM,1610612763,1610612742,2018,4,     ,,Q4       - ,1
6,2018-11-19T00:00:00,7,0021800245,3,Final,20181119/DENMIL,1610612749,1610612743,2018,4,     ,,Q4       - ,1
7,2018-11-19T00:00:00,8,0021800246,3,Final,20181119/SASNOP,1610612740,1610612759,2018,4,     ,,Q4       - ,1
8,2018-11-19T00:00:00,9,0021800247,3,Final,20181119/OKCSAC,1610612758,1610612760,2018,4,     ,NBA TV,Q4       - NBA TV,1
0,2018-11-18T00:00:00,1,0021800234,3,Final,20181118/MEMMIN,1610612750,1610612763,2018,4,     ,,Q4       - ,1
1,2018-11-18T00:00:00,2,0021800235,3,Final,20181118/LALMIA,1610612748,1610612747,2018,4,     ,,Q4       - ,1
2,2018-11-18T00:00:00,3,0021800236,3,Final,20181118/NYKORL,1610612753,1610612752,2018,4,     ,,Q4       - ,1
3,2018-11-18T00:00:00,4,0021800237,3,Final,20181118/PORWAS,1610612764,1610612757,2018,4,     ,,Q4       - ,1
4,2018-11-18T00:00:00,5,0021800238,3,Final,20181118/GSWSAS,1610612759,1610612744,2018,4,     ,NBA TV,Q4       - NBA TV,1
0,2018-11-17T00:00:00,1,0021800224,3,Final,20181117/LACBKN,1610612751,1610612746,2018,4,     ,,Q4       - ,1
1,2018-11-17T00:00:00,2,0021800225,3,Final,20181117/PHICHA,1610612766,1610612755,2018,5,     ,,Q5       - ,1
2,2018-11-17T00:00:00,3,0021800226,3,Final,20181117/ATLIND,1610612754,1610612737,2018,4,     ,,Q4       - ,1
3,2018-11-17T00:00:00,4,0021800227,3,Final,20181117/LALORL,1610612753,1610612747,2018,4,     ,,Q4       - ,1
4,2018-11-17T00:00:00,5,0021800228,3,Final,20181117/DENNOP,1610612740,1610612743,2018,4,     ,,Q4       - ,1
5,2018-11-17T00:00:00,6,0021800229,3,Final,20181117/UTABOS,1610612738,1610612762,2018,4,     ,NBA TV,Q4       - NBA TV,1
6,2018-11-17T00:00:00,7,0021800230,3,Final,20181117/TORCHI,1610612741,1610612761,2018,4,     ,,Q4       - ,1
7,2018-11-17T00:00:00,8,0021800231,3,Final,20181117/SACHOU,1610612745,1610612758,2018,4,     ,,Q4       - ,1
8,2018-11-17T00:00:00,9,0021800232,3,Final,20181117/GSWDAL,1610612742,1610612744,2018,4,     ,,Q4       - ,1
9,2018-11-17T00:00:00,10,0021800233,3,Final,20181117/OKCPHX,1610612756,1610612760,2018,4,     ,,Q4       - ,1
0,2018-11-16T00:00:00,1,0021800216,3,Final,20181116/TORBOS,1610612738,1610612761,2018,5,     ,ESPN,Q5       - ESPN,1
1,2018-11-16T00:00:00,2,0021800217,3,Final,20181116/MIAIND,1610612754,1610612748,2018,4,     ,,Q4       - ,1
2,2018-11-16T00:00:00,3,0021800218,3,Final,20181116/UTAPHI,1610612755,1610612762,2018,4,     ,,Q4       - ,1
3,2018-11-16T00:00:00,4,0021800219,3,Final,20181116/BKNWAS,1610612764,1610612751,2018,4,     ,,Q4       - ,1
4,2018-11-16T00:00:00,5,0021800220,3,Final,20181116/SACMEM,1610612763,1610612758,2018,4,     ,,Q4       - ,1
5,2018-11-16T00:00:00,6,0021800221,3,Final,20181116/PORMIN,1610612750,1610612757,2018,4,     ,,Q4       - ,1
6,2018-11-16T00:00:00,7,0021800222,3,Final,20181116/NYKNOP,1610612740,1610612752,2018,4,     ,,Q4       - ,1
7,2018-11-16T00:00:00,8,0021800223,3,Final,20181116/CHIMIL,1610612749,1610612741,2018,4,     ,ESPN,Q4       - ESPN,1
0,2018-11-15T00:00:00,1,0021800213,3,Final,20181115/GSWHOU,1610612745,1610612744,2018,4,     ,TNT,Q4       - TNT,1
1,2018-11-15T00:00:00,2,0021800214,3,Final,20181115/ATLDEN,1610612743,1610612737,2018,4,     ,,Q4       - ,1
2,2018-11-15T00:00:00,3,0021800215,3,Final,20181115/SASLAC,1610612746,1610612759,2018,4,     ,TNT,Q4       - TNT,1
0,2018-11-14T00:00:00,1,0021800202,3,Final,20181114/PHIORL,1610612753,1610612755,2018,4,     ,,Q4       - ,1
1,2018-11-14T00:00:00,2,0021800203,3,Final,20181114/CLEWAS,1610612764,1610612739,2018,4,     ,,Q4       - ,1
2,2018-11-14T00:00:00,3,0021800204,3,Final,20181114/CHIBOS,1610612738,1610612741,2018,4,     ,,Q4       - ,1
3,2018-11-14T00:00:00,4,0021800205,3,Final,20181114/MIABKN,1610612751,1610612748,2018,4,     ,,Q4       - ,1
4,2018-11-14T00:00:00,5,0021800206,3,Final,20181114/DETTOR,1610612761,1610612765,2018,4,     ,,Q4       - ,1
5,2018-11-14T00:00:00,6,0021800207,3,Final,20181114/MEMMIL,1610612749,1610612763,2018,4,     ,,Q4       - ,1
6,2018-11-14T00:00:00,7,0021800208,3,Final,20181114/NOPMIN,1610612750,1610612740,2018,4,     ,ESPN,Q4       - ESPN,1
7,2018-11-14T00:00:00,8,0021800209,3,Final,20181114/NYKOKC,1610612760,1610612752,2018,4,     ,,Q4       - ,1
8,2018-11-14T00:00:00,9,0021800210,3,Final,20181114/UTADAL,1610612742,1610612762,2018,4,     ,,Q4       - ,1
9,2018-11-14T00:00:00,10,0021800211,3,Final,20181114/SASPHX,1610612756,1610612759,2018,4,     ,,Q4       - ,1
10,2018-11-14T00:00:00,11,0021800212,3,Final,20181114/PORLAL,1610612747,1610612757,2018,4,     ,ESPN,Q4       - ESPN,1
0,2018-11-13T00:00:00,1,0021800199,3,Final,20181113/CHACLE,1610612739,1610612766,2018,4,     ,NBA TV,Q4       - NBA TV,1
1,2018-11-13T00:00:00,2,0021800200,3,Final,20181113/HOUDEN,1610612743,1610612745,2018,4,     ,,Q4       - ,1
2,2018-11-13T00:00:00,3,0021800201,3,Final,20181113/ATLGSW,1610612744,1610612737,2018,4,     ,NBA TV,Q4       - NBA TV,1
0,2018-11-12T00:00:00,1,0021800190,3,Final,20181112/ORLWAS,1610612764,1610612753,2018,4,     ,,Q4       - ,1
1,2018-11-12T00:00:00,2,0021800191,3,Final,20181112/PHIMIA,1610612748,1610612755,2018,4,     ,,Q4       - ,1
2,2018-11-12T00:00:00,3,0021800192,3,Final,20181112/NOPTOR,1610612761,1610612740,2018,4,     ,NBA TV,Q4       - NBA TV,1
3,2018-11-12T00:00:00,4,0021800193,3,Final,20181112/DALCHI,1610612741,1610612742,2018,4,     ,,Q4       - ,1
4,2018-11-12T00:00:00,5,0021800194,3,Final,20181112/UTAMEM,1610612763,1610612762,2018,4,     ,,Q4       - ,1
5,2018-11-12T00:00:00,6,0021800195,3,Final,20181112/BKNMIN,1610612750,1610612751,2018,4,     ,,Q4       - ,1
6,2018-11-12T00:00:00,7,0021800196,3,Final,20181112/PHXOKC,1610612760,1610612756,2018,4,     ,,Q4       - ,1
7,2018-11-12T00:00:00,8,0021800197,3,Final,20181112/SASSAC,1610612758,1610612759,2018,4,     ,,Q4       - ,1
8,2018-11-12T00:00:00,9,0021800198,3,Final,20181112/GSWLAC,1610612746,1610612744,2018,5,     ,NBA TV,Q5       - NBA TV,1
0,2018-11-11T00:00:00,1,0021800184,3,Final,20181111/CHADET,1610612765,1610612766,2018,4,     ,,Q4       - ,1
1,2018-11-11T00:00:00,2,0021800185,3,Final,20181111/INDHOU,1610612745,1610612754,2018,4,     ,,Q4       - ,1
2,2018-11-11T00:00:00,3,0021800186,3,Final,20181111/ORLNYK,1610612752,1610612753,2018,4,     ,,Q4       - ,1
3,2018-11-11T00:00:00,4,0021800187,3,Final,20181111/MILDEN,1610612743,1610612749,2018,4,     ,,Q4       - ,1
4,2018-11-11T00:00:00,5,0021800188,3,Final,20181111/BOSPOR,1610612757,1610612738,2018,4,     ,,Q4       - ,1
5,2018-11-11T00:00:00,6,0021800189,3,Final,20181111/ATLLAL,1610612747,1610612737,2018,4,     ,,Q4       - ,1
0,2018-11-10T00:00:00,1,0021800174,3,Final,20181110/NYKTOR,1610612761,1610612752,2018,4,     ,,Q4       - ,1
1,2018-11-10T00:00:00,2,0021800175,3,Final,20181110/MILLAC,1610612746,1610612749,2018,5,     ,,Q5       - ,1
2,2018-11-10T00:00:00,3,0021800176,3,Final,20181110/PHXNOP,1610612740,1610612756,2018,4,     ,,Q4       - ,1
3,2018-11-10T00:00:00,4,0021800177,3,Final,20181110/WASMIA,1610612748,1610612764,2018,4,     ,,Q4       - ,1
4,2018-11-10T00:00:00,5,0021800178,3,Final,20181110/CLECHI,1610612741,1610612739,2018,4,     ,,Q4       - ,1
5,2018-11-10T00:00:00,6,0021800179,3,Final,20181110/PHIMEM,1610612763,1610612755,2018,5,     ,,Q5       - ,1
6,2018-11-10T00:00:00,7,0021800180,3,Final,20181110/HOUSAS,1610612759,1610612745,2018,4,     ,NBA TV,Q4       - NBA TV,1
7,2018-11-10T00:00:00,8,0021800182,3,Final,20181110/BKNGSW,1610612744,1610612751,2018,4,     ,,Q4       - ,1
8,2018-11-10T00:00:00,9,0021800181,3,Final,20181110/OKCDAL,1610612742,1610612760,2018,4,     ,,Q4       - ,1
9,2018-11-10T00:00:00,10,0021800183,3,Final,20181110/LALSAC,1610612758,1610612747,2018,4,     ,,Q4       - ,1
0,2018-11-09T00:00:00,1,0021800167,3,Final,20181109/WASORL,1610612753,1610612764,2018,4,     ,,Q4       - ,1
1,2018-11-09T00:00:00,2,0021800168,3,Final,20181109/CHAPHI,1610612755,1610612766,2018,5,     ,NBA TV,Q5       - NBA TV,1
2,2018-11-09T00:00:00,3,0021800169,3,Final,20181109/DETATL,1610612737,1610612765,2018,4,     ,,Q4       - ,1
3,2018-11-09T00:00:00,4,0021800170,3,Final,20181109/INDMIA,1610612748,1610612754,2018,4,     ,,Q4       - ,1
4,2018-11-09T00:00:00,5,0021800171,3,Final,20181109/BKNDEN,1610612743,1610612751,2018,4,     ,,Q4       - ,1
5,2018-11-09T00:00:00,6,0021800172,3,Final,20181109/BOSUTA,1610612762,1610612738,2018,4,     ,ESPN,Q4       - ESPN,1
6,2018-11-09T00:00:00,7,0021800173,3,Final,20181109/MINSAC,1610612758,1610612750,2018,4,     ,,Q4       - ,1
0,2018-11-08T00:00:00,1,0021800163,3,Final,20181108/HOUOKC,1610612760,1610612745,2018,4,     ,TNT,Q4       - TNT,1
1,2018-11-08T00:00:00,2,0021800164,3,Final,20181108/BOSPHX,1610612756,1610612738,2018,5,     ,,Q5       - ,1
2,2018-11-08T00:00:00,3,0021800165,3,Final,20181108/LACPOR,1610612757,1610612746,2018,4,     ,,Q4       - ,1
3,2018-11-08T00:00:00,4,0021800166,3,Final,20181108/MILGSW,1610612744,1610612749,2018,4,     ,TNT,Q4       - TNT,1
0,2018-11-07T00:00:00,1,0021800153,3,Final,20181107/OKCCLE,1610612739,1610612760,2018,4,     ,,Q4       - ,1
1,2018-11-07T00:00:00,2,0021800154,3,Final,20181107/DETORL,1610612753,1610612765,2018,4,     ,,Q4       - ,1
2,2018-11-07T00:00:00,3,0021800155,3,Final,20181107/NYKATL,1610612737,1610612752,2018,4,     ,,Q4       - ,1
3,2018-11-07T00:00:00,4,0021800156,3,Final,20181107/SASMIA,1610612748,1610612759,2018,4,     ,,Q4       - ,1
4,2018-11-07T00:00:00,5,0021800157,3,Final,20181107/PHIIND,1610612754,1610612755,2018,4,     ,ESPN,Q4       - ESPN,1
5,2018-11-07T00:00:00,6,0021800158,3,Final,20181107/DENMEM,1610612763,1610612743,2018,4,     ,,Q4       - ,1
6,2018-11-07T00:00:00,7,0021800159,3,Final,20181107/CHINOP,1610612740,1610612741,2018,4,     ,,Q4       - ,1
7,2018-11-07T00:00:00,8,0021800160,3,Final,20181107/DALUTA,1610612762,1610612742,2018,4,     ,,Q4       - ,1
8,2018-11-07T00:00:00,9,0021800161,3,Final,20181107/TORSAC,1610612758,1610612761,2018,4,     ,,Q4       - ,1
9,2018-11-07T00:00:00,10,0021800162,3,Final,20181107/MINLAL,1610612747,1610612750,2018,4,     ,ESPN,Q4       - ESPN,1
0,2018-11-06T00:00:00,1,0021800149,3,Final,20181106/ATLCHA,1610612766,1610612737,2018,4,     ,,Q4       - ,1
1,2018-11-06T00:00:00,2,0021800150,3,Final,20181106/WASDAL,1610612742,1610612764,2018,4,     ,NBA TV,Q4       - NBA TV,1
2,2018-11-06T00:00:00,3,0021800151,3,Final,20181106/BKNPHX,1610612756,1610612751,2018,4,     ,,Q4       - ,1
3,2018-11-06T00:00:00,4,0021800152,3,Final,20181106/MILPOR,1610612757,1610612749,2018,4,     ,,Q4       - ,1
0,2018-11-05T00:00:00,1,0021800140,3,Final,20181105/MIADET,1610612765,1610612748,2018,5,     ,,Q5       - ,1
1,2018-11-05T00:00:00,2,0021800141,3,Final,20181105/HOUIND,1610612754,1610612745,2018,4,     ,,Q4       - ,1
2,2018-11-05T00:00:00,3,0021800142,3,Final,20181105/CLEORL,1610612753,1610612739,2018,4,     ,,Q4       - ,1
3,2018-11-05T00:00:00,4,0021800143,3,Final,20181105/CHINYK,1610612752,1610612741,2018,6,     ,,Q6       - ,1
4,2018-11-05T00:00:00,5,0021800144,3,Final,20181105/NOPOKC,1610612760,1610612740,2018,4,     ,NBA TV,Q4       - NBA TV,1
5,2018-11-05T00:00:00,6,0021800145,3,Final,20181105/BOSDEN,1610612743,1610612738,2018,4,     ,,Q4       - ,1
6,2018-11-05T00:00:00,7,0021800146,3,Final,20181105/TORUTA,1610612762,1610612761,2018,4,     ,,Q4       - ,1
7,2018-11-05T00:00:00,8,0021800147,3,Final,20181105/MEMGSW,1610612744,1610612763,2018,4,     ,NBA TV,Q4       - NBA TV,1
8,2018-11-05T00:00:00,9,0021800148,3,Final,20181105/MINLAC,1610612746,1610612750,2018,4,     ,,Q4       - ,1
0,2018-11-04T00:00:00,1,0021800133,3,Final,20181104/SACMIL,1610612749,1610612758,2018,4,     ,,Q4       - ,1
1,2018-11-04T00:00:00,2,0021800134,3,Final,20181104/PHIBKN,1610612751,1610612755,2018,4,     ,,Q4       - ,1
2,2018-11-04T00:00:00,3,0021800135,3,Final,20181104/NYKWAS,1610612764,1610612752,2018,4,     ,,Q4       - ,1
3,2018-11-04T00:00:00,4,0021800137,3,Final,20181104/ORLSAS,1610612759,1610612753,2018,4,     ,,Q4       - ,1
4,2018-11-04T00:00:00,5,0021800136,3,Final,20181104/MEMPHX,1610612756,1610612763,2018,4,     ,,Q4       - ,1
5,2018-11-04T00:00:00,6,0021800138,3,Final,20181104/MINPOR,1610612757,1610612750,2018,4,     ,,Q4       - ,1
6,2018-11-04T00:00:00,7,0021800139,3,Final,20181104/TORLAL,1610612747,1610612761,2018,4,     ,,Q4       - ,1
0,2018-11-03T00:00:00,1,0021800125,3,Final,20181103/DETPHI,1610612755,1610612765,2018,4,     ,,Q4       - ,1
1,2018-11-03T00:00:00,2,0021800126,3,Final,20181103/CLECHA,1610612766,1610612739,2018,4,     ,,Q4       - ,1
2,2018-11-03T00:00:00,3,0021800127,3,Final,20181103/BOSIND,1610612754,1610612738,2018,4,     ,NBA TV,Q4       - NBA TV,1
3,2018-11-03T00:00:00,4,0021800128,3,Final,20181103/MIAATL,1610612737,1610612748,2018,4,     ,,Q4       - ,1
4,2018-11-03T00:00:00,5,0021800129,3,Final,20181103/HOUCHI,1610612741,1610612745,2018,4,     ,,Q4       - ,1
5,2018-11-03T00:00:00,6,0021800130,3,Final,20181103/NOPSAS,1610612759,1610612740,2018,4,     ,,Q4       - ,1
6,2018-11-03T00:00:00,7,0021800131,3,Final,20181103/UTADEN,1610612743,1610612762,2018,4,     ,,Q4       - ,1
7,2018-11-03T00:00:00,8,0021800132,3,Final,20181103/LALPOR,1610612757,1610612747,2018,4,     ,,Q4       - ,1
0,2018-11-02T00:00:00,1,0021800117,3,Final,20181102/LACORL,1610612753,1610612746,2018,4,     ,,Q4       - ,1
1,2018-11-02T00:00:00,2,0021800118,3,Final,20181102/HOUBKN,1610612751,1610612745,2018,4,     ,,Q4       - ,1
2,2018-11-02T00:00:00,3,0021800119,3,Final,20181102/OKCWAS,1610612764,1610612760,2018,4,     ,ESPN,Q4       - ESPN,1
3,2018-11-02T00:00:00,4,0021800120,3,Final,20181102/INDCHI,1610612741,1610612754,2018,4,     ,,Q4       - ,1
4,2018-11-02T00:00:00,5,0021800121,3,Final,20181102/NYKDAL,1610612742,1610612752,2018,4,     ,,Q4       - ,1
5,2018-11-02T00:00:00,6,0021800122,3,Final,20181102/MEMUTA,1610612762,1610612763,2018,4,     ,,Q4       - ,1
6,2018-11-02T00:00:00,7,0021800123,3,Final,20181102/TORPHX,1610612756,1610612761,2018,4,     ,,Q4       - ,1
7,2018-11-02T00:00:00,8,0021800124,3,Final,20181102/MINGSW,1610612744,1610612750,2018,4,     ,ESPN,Q4       - ESPN,1
0,2018-11-01T00:00:00,1,0021800111,3,Final,20181101/OKCCHA,1610612766,1610612760,2018,4,     ,,Q4       - ,1
1,2018-11-01T00:00:00,2,0021800112,3,Final,20181101/DENCLE,1610612739,1610612743,2018,4,     ,,Q4       - ,1
2,2018-11-01T00:00:00,3,0021800113,3,Final,20181101/LACPHI,1610612755,1610612746,2018,4,     ,,Q4       - ,1
3,2018-11-01T00:00:00,4,0021800114,3,Final,20181101/SACATL,1610612737,1610612758,2018,4,     ,,Q4       - ,1
4,2018-11-01T00:00:00,5,0021800115,3,Final,20181101/MILBOS,1610612738,1610612749,2018,4,     ,TNT,Q4       - TNT,1
5,2018-11-01T00:00:00,6,0021800116,3,Final,20181101/NOPPOR,1610612757,1610612740,2018,4,     ,TNT,Q4       - TNT,1
0,2018-10-31T00:00:00,1,0021800104,3,Final,20181031/DETBKN,1610612751,1610612765,2018,5,     ,,Q5       - ,1
1,2018-10-31T00:00:00,2,0021800105,3,Final,20181031/INDNYK,1610612752,1610612754,2018,4,     ,ESPN,Q4       - ESPN,1
2,2018-10-31T00:00:00,3,0021800106,3,Final,20181031/DENCHI,1610612741,1610612743,2018,5,     ,,Q5       - ,1
3,2018-10-31T00:00:00,4,0021800107,3,Final,20181031/UTAMIN,1610612750,1610612762,2018,4,     ,,Q4       - ,1
4,2018-10-31T00:00:00,5,0021800108,3,Final,20181031/NOPGSW,1610612744,1610612740,2018,4,     ,,Q4       - ,1
5,2018-10-31T00:00:00,6,0021800109,3,Final,20181031/DALLAL,1610612747,1610612742,2018,4,     ,,Q4       - ,1
6,2018-10-31T00:00:00,7,0021800110,3,Final,20181031/SASPHX,1610612756,1610612759,2018,4,     ,ESPN,Q4       - ESPN,1
0,2018-10-30T00:00:00,1,0021800096,3,Final,20181030/MIACHA,1610612766,1610612748,2018,4,     ,,Q4       - ,1
1,2018-10-30T00:00:00,2,0021800097,3,Final,20181030/ATLCLE,1610612739,1610612737,2018,4,     ,,Q4       - ,1
2,2018-10-30T00:00:00,3,0021800098,3,Final,20181030/SACORL,1610612753,1610612758,2018,4,     ,,Q4       - ,1
3,2018-10-30T00:00:00,4,0021800099,3,Final,20181030/DETBOS,1610612738,1610612765,2018,4,     ,,Q4       - ,1
4,2018-10-30T00:00:00,5,0021800100,3,Final,20181030/PHITOR,1610612761,1610612755,2018,4,     ,NBA TV,Q4       - NBA TV,1
5,2018-10-30T00:00:00,6,0021800101,3,Final,20181030/PORHOU,1610612745,1610612757,2018,4,     ,,Q4       - ,1
6,2018-10-30T00:00:00,7,0021800102,3,Final,20181030/WASMEM,1610612763,1610612764,2018,4,     ,,Q4       - ,1
7,2018-10-30T00:00:00,8,0021800103,3,Final,20181030/LACOKC,1610612760,1610612746,2018,4,     ,,Q4       - ,1
0,2018-10-29T00:00:00,1,0021800087,3,Final,20181029/PORIND,1610612754,1610612757,2018,4,     ,,Q4       - ,1
1,2018-10-29T00:00:00,2,0021800088,3,Final,20181029/ATLPHI,1610612755,1610612737,2018,4,     ,,Q4       - ,1
2,2018-10-29T00:00:00,3,0021800089,3,Final,20181029/SACMIA,1610612748,1610612758,2018,4,     ,,Q4       - ,1
3,2018-10-29T00:00:00,4,0021800090,3,Final,20181029/BKNNYK,1610612752,1610612751,2018,4,     ,,Q4       - ,1
4,2018-10-29T00:00:00,5,0021800091,3,Final,20181029/GSWCHI,1610612741,1610612744,2018,4,     ,,Q4       - ,1
5,2018-10-29T00:00:00,6,0021800092,3,Final,20181029/TORMIL,1610612749,1610612761,2018,4,     ,,Q4       - ,1
6,2018-10-29T00:00:00,7,0021800093,3,Final,20181029/LALMIN,1610612750,1610612747,2018,4,     ,NBA TV,Q4       - NBA TV,1
7,2018-10-29T00:00:00,8,0021800094,3,Final,20181029/DALSAS,1610612759,1610612742,2018,5,     ,,Q5       - ,1
8,2018-10-29T00:00:00,9,0021800095,3,Final,20181029/NOPDEN,1610612743,1610612740,2018,4,     ,,Q4       - ,1
0,2018-10-28T00:00:00,1,0021800083,3,Final,20181028/GSWBKN,1610612751,1610612744,2018,4,     ,,Q4       - ,1
1,2018-10-28T00:00:00,2,0021800084,3,Final,20181028/UTADAL,1610612742,1610612762,2018,4,     ,,Q4       - ,1
2,2018-10-28T00:00:00,3,0021800085,3,Final,20181028/PHXOKC,1610612760,1610612756,2018,4,     ,,Q4       - ,1
3,2018-10-28T00:00:00,4,0021800086,3,Final,20181028/WASLAC,1610612746,1610612764,2018,4,     ,,Q4       - ,1
0,2018-10-27T00:00:00,1,0021800074,3,Final,20181027/BOSDET,1610612765,1610612738,2018,4,     ,,Q4       - ,1
1,2018-10-27T00:00:00,2,0021800075,3,Final,20181027/UTANOP,1610612740,1610612762,2018,4,     ,,Q4       - ,1
2,2018-10-27T00:00:00,3,0021800076,3,Final,20181027/CHIATL,1610612737,1610612741,2018,4,     ,,Q4       - ,1
3,2018-10-27T00:00:00,4,0021800077,3,Final,20181027/INDCLE,1610612739,1610612754,2018,4,     ,,Q4       - ,1
4,2018-10-27T00:00:00,5,0021800078,3,Final,20181027/CHAPHI,1610612755,1610612766,2018,4,     ,,Q4       - ,1
5,2018-10-27T00:00:00,6,0021800079,3,Final,20181027/PORMIA,1610612748,1610612757,2018,4,     ,,Q4       - ,1
6,2018-10-27T00:00:00,7,0021800080,3,Final,20181027/PHXMEM,1610612763,1610612756,2018,4,     ,,Q4       - ,1
7,2018-10-27T00:00:00,8,0021800081,3,Final,20181027/ORLMIL,1610612749,1610612753,2018,4,     ,,Q4       - ,1
8,2018-10-27T00:00:00,9,0021800082,3,Final,20181027/LALSAS,1610612759,1610612747,2018,4,     ,,Q4       - ,1
0,2018-10-26T00:00:00,1,0021800067,3,Final,20181026/CHICHA,1610612766,1610612741,2018,4,     ,,Q4       - ,1
1,2018-10-26T00:00:00,2,0021800068,3,Final,20181026/GSWNYK,1610612752,1610612744,2018,4,     ,NBA TV,Q4       - NBA TV,1
2,2018-10-26T00:00:00,3,0021800069,3,Final,20181026/DALTOR,1610612761,1610612742,2018,4,     ,,Q4       - ,1
3,2018-10-26T00:00:00,4,0021800070,3,Final,20181026/LACHOU,1610612745,1610612746,2018,4,     ,,Q4       - ,1
4,2018-10-26T00:00:00,5,0021800071,3,Final,20181026/MILMIN,1610612750,1610612749,2018,4,     ,,Q4       - ,1
5,2018-10-26T00:00:00,6,0021800072,3,Final,20181026/BKNNOP,1610612740,1610612751,2018,4,     ,,Q4       - ,1
6,2018-10-26T00:00:00,7,0021800073,3,Final,20181026/WASSAC,1610612758,1610612764,2018,4,     ,NBA TV,Q4       - NBA TV,1
0,2018-10-25T00:00:00,1,0021800063,3,Final,20181025/CLEDET,1610612765,1610612739,2018,4,     ,,Q4       - ,1
1,2018-10-25T00:00:00,2,0021800064,3,Final,20181025/PORORL,1610612753,1610612757,2018,4,     ,,Q4       - ,1
2,2018-10-25T00:00:00,3,0021800065,3,Final,20181025/BOSOKC,1610612760,1610612738,2018,4,     ,TNT,Q4       - TNT,1
3,2018-10-25T00:00:00,4,0021800066,3,Final,20181025/DENLAL,1610612747,1610612743,2018,4,     ,TNT,Q4       - TNT,1
0,2018-10-24T00:00:00,1,0021800052,3,Final,20181024/DALATL,1610612737,1610612742,2018,4,     ,ESPN,Q4       - ESPN,1
1,2018-10-24T00:00:00,2,0021800053,3,Final,20181024/BKNCLE,1610612739,1610612751,2018,4,     ,,Q4       - ,1
2,2018-10-24T00:00:00,3,0021800054,3,Final,20181024/NYKMIA,1610612748,1610612752,2018,4,     ,,Q4       - ,1
3,2018-10-24T00:00:00,4,0021800055,3,Final,20181024/MINTOR,1610612761,1610612750,2018,4,     ,,Q4       - ,1
4,2018-10-24T00:00:00,5,0021800056,3,Final,20181024/CHACHI,1610612741,1610612766,2018,4,     ,,Q4       - ,1
5,2018-10-24T00:00:00,6,0021800057,3,Final,20181024/UTAHOU,1610612745,1610612762,2018,4,     ,,Q4       - ,1
6,2018-10-24T00:00:00,7,0021800058,3,Final,20181024/INDSAS,1610612759,1610612754,2018,4,     ,,Q4       - ,1
7,2018-10-24T00:00:00,8,0021800059,3,Final,20181024/PHIMIL,1610612749,1610612755,2018,4,     ,ESPN,Q4       - ESPN,1
8,2018-10-24T00:00:00,9,0021800060,3,Final,20181024/LALPHX,1610612756,1610612747,2018,4,     ,,Q4       - ,1
9,2018-10-24T00:00:00,10,0021800061,3,Final,20181024/MEMSAC,1610612758,1610612763,2018,4,     ,,Q4       - ,1
10,2018-10-24T00:00:00,11,0021800062,3,Final,20181024/WASGSW,1610612744,1610612764,2018,4,     ,,Q4       - ,1
0,2018-10-23T00:00:00,1,0021800049,3,Final,20181023/PHIDET,1610612765,1610612755,2018,5,     ,NBA TV,Q5       - NBA TV,1
1,2018-10-23T00:00:00,2,0021800050,3,Final,20181023/LACNOP,1610612740,1610612746,2018,4,     ,,Q4       - ,1
2,2018-10-23T00:00:00,3,0021800051,3,Final,20181023/SACDEN,1610612743,1610612758,2018,4,     ,,Q4       - ,1
0,2018-10-22T00:00:00,1,0021800040,3,Final,20181022/ORLBOS,1610612738,1610612753,2018,4,     ,NBA TV,Q4       - NBA TV,1
1,2018-10-22T00:00:00,2,0021800041,3,Final,20181022/CHATOR,1610612761,1610612766,2018,4,     ,,Q4       - ,1
2,2018-10-22T00:00:00,3,0021800042,3,Final,20181022/NYKMIL,1610612749,1610612752,2018,4,     ,,Q4       - ,1
3,2018-10-22T00:00:00,4,0021800043,3,Final,20181022/INDMIN,1610612750,1610612754,2018,4,     ,,Q4       - ,1
4,2018-10-22T00:00:00,5,0021800044,3,Final,20181022/CHIDAL,1610612742,1610612741,2018,4,     ,,Q4       - ,1
5,2018-10-22T00:00:00,6,0021800045,3,Final,20181022/MEMUTA,1610612762,1610612763,2018,4,     ,,Q4       - ,1
6,2018-10-22T00:00:00,7,0021800046,3,Final,20181022/WASPOR,1610612757,1610612764,2018,5,     ,,Q5       - ,1
7,2018-10-22T00:00:00,8,0021800047,3,Final,20181022/PHXGSW,1610612744,1610612756,2018,4,     ,,Q4       - ,1
8,2018-10-22T00:00:00,9,0021800048,3,Final,20181022/SASLAL,1610612747,1610612759,2018,5,     ,NBA TV,Q5       - NBA TV,1
0,2018-10-21T00:00:00,1,0021800036,3,Final,20181021/ATLCLE,1610612739,1610612737,2018,4,     ,,Q4       - ,1
1,2018-10-21T00:00:00,2,0021800037,3,Final,20181021/SACOKC,1610612760,1610612758,2018,4,     ,,Q4       - ,1
2,2018-10-21T00:00:00,3,0021800038,3,Final,20181021/GSWDEN,1610612743,1610612744,2018,4,     ,,Q4       - ,1
3,2018-10-21T00:00:00,4,0021800039,3,Final,20181021/HOULAC,1610612746,1610612745,2018,4,     ,NBA TV,Q4       - NBA TV,1
0,2018-10-20T00:00:00,1,0021800026,3,Final,20181020/BKNIND,1610612754,1610612751,2018,4,     ,,Q4       - ,1
1,2018-10-20T00:00:00,2,0021800027,3,Final,20181020/TORWAS,1610612764,1610612761,2018,4,     ,NBA TV,Q4       - NBA TV,1
2,2018-10-20T00:00:00,3,0021800028,3,Final,20181020/BOSNYK,1610612752,1610612738,2018,4,     ,,Q4       - ,1
3,2018-10-20T00:00:00,4,0021800029,3,Final,20181020/ORLPHI,1610612755,1610612753,2018,4,     ,,Q4       - ,1
4,2018-10-20T00:00:00,5,0021800030,3,Final,20181020/CHAMIA,1610612748,1610612766,2018,4,     ,,Q4       - ,1
5,2018-10-20T00:00:00,6,0021800031,3,Final,20181020/DETCHI,1610612741,1610612765,2018,4,     ,,Q4       - ,1
6,2018-10-20T00:00:00,7,0021800032,3,Final,20181020/MINDAL,1610612742,1610612750,2018,4,     ,,Q4       - ,1
7,2018-10-20T00:00:00,8,0021800033,3,Final,20181020/PHXDEN,1610612743,1610612756,2018,4,     ,,Q4       - ,1
8,2018-10-20T00:00:00,9,0021800034,3,Final,20181020/SASPOR,1610612757,1610612759,2018,4,     ,,Q4       - ,1
9,2018-10-20T00:00:00,10,0021800035,3,Final,20181020/HOULAL,1610612747,1610612745,2018,4,     ,ESPN,Q4       - ESPN,1
0,2018-10-19T00:00:00,1,0021800017,3,Final,20181019/CHAORL,1610612753,1610612766,2018,4,     ,,Q4       - ,1
1,2018-10-19T00:00:00,2,0021800018,3,Final,20181019/NYKBKN,1610612751,1610612752,2018,4,     ,,Q4       - ,1
2,2018-10-19T00:00:00,3,0021800019,3,Final,20181019/BOSTOR,1610612761,1610612738,2018,4,     ,ESPN,Q4       - ESPN,1
3,2018-10-19T00:00:00,4,0021800020,3,Final,20181019/ATLMEM,1610612763,1610612737,2018,4,     ,,Q4       - ,1
4,2018-10-19T00:00:00,5,0021800021,3,Final,20181019/CLEMIN,1610612750,1610612739,2018,4,     ,,Q4       - ,1
5,2018-10-19T00:00:00,6,0021800022,3,Final,20181019/SACNOP,1610612740,1610612758,2018,4,     ,,Q4       - ,1
6,2018-10-19T00:00:00,7,0021800023,3,Final,20181019/INDMIL,1610612749,1610612754,2018,4,     ,,Q4       - ,1
7,2018-10-19T00:00:00,8,0021800024,3,Final,20181019/GSWUTA,1610612762,1610612744,2018,4,     ,ESPN,Q4       - ESPN,1
8,2018-10-19T00:00:00,9,0021800025,3,Final,20181019/OKCLAC,1610612746,1610612760,2018,4,     ,,Q4       - ,1
0,2018-10-18T00:00:00,1,0021800014,3,Final,20181018/CHIPHI,1610612755,1610612741,2018,4,     ,TNT,Q4       - TNT,1
1,2018-10-18T00:00:00,2,0021800015,3,Final,20181018/MIAWAS,1610612764,1610612748,2018,4,     ,,Q4       - ,1
2,2018-10-18T00:00:00,3,0021800016,3,Final,20181018/LALPOR,1610612757,1610612747,2018,4,     ,TNT,Q4       - TNT,1
0,2018-10-17T00:00:00,1,0021800003,3,Final,20181017/MILCHA,1610612766,1610612749,2018,4,     ,,Q4       - ,1
1,2018-10-17T00:00:00,2,0021800004,3,Final,20181017/BKNDET,1610612765,1610612751,2018,4,     ,,Q4       - ,1
2,2018-10-17T00:00:00,3,0021800005,3,Final,20181017/MEMIND,1610612754,1610612763,2018,4,     ,,Q4       - ,1
3,2018-10-17T00:00:00,4,0021800006,3,Final,20181017/MIAORL,1610612753,1610612748,2018,4,     ,,Q4       - ,1
4,2018-10-17T00:00:00,5,0021800007,3,Final,20181017/ATLNYK,1610612752,1610612737,2018,4,     ,,Q4       - ,1
5,2018-10-17T00:00:00,6,0021800008,3,Final,20181017/CLETOR,1610612761,1610612739,2018,4,     ,,Q4       - ,1
6,2018-10-17T00:00:00,7,0021800009,3,Final,20181017/NOPHOU,1610612745,1610612740,2018,4,     ,ESPN,Q4       - ESPN,1
7,2018-10-17T00:00:00,8,0021800010,3,Final,20181017/MINSAS,1610612759,1610612750,2018,4,     ,,Q4       - ,1
8,2018-10-17T00:00:00,9,0021800011,3,Final,20181017/UTASAC,1610612758,1610612762,2018,4,     ,,Q4       - ,1
9,2018-10-17T00:00:00,10,0021800012,3,Final,20181017/DENLAC,1610612746,1610612743,2018,4,     ,,Q4       - ,1
10,2018-10-17T00:00:00,11,0021800013,3,Final,20181017/DALPHX,1610612756,1610612742,2018,4,     ,ESPN,Q4       - ESPN,1
