GAME_ID_HOME,EXPERT_RANK_HOME,EXPERT_RANK_AWAY
21800248,24,10
21800236,24,27
21800227,24,22
21800202,24,20
21800167,24,7
21800154,24,21
21800142,24,2
21800117,24,11
21800098,24,23
21800064,24,14
21800017,24,17
21800006,24,18
21800286,22,24
21800278,22,12
21800212,22,14
21800189,22,29
21800162,22,9
21800139,22,10
21800109,22,19
21800066,22,8
21800048,22,5
21800035,22,3
21800233,25,4
21800211,25,5
21800164,25,6
21800151,25,28
21800136,25,16
21800123,25,10
21800110,25,5
21800060,25,22
21800013,25,19
21800287,21,25
21800267,21,3
21800240,21,2
21800184,21,17
21800140,21,18
21800074,21,6
21800063,21,2
21800049,21,20
21800004,21,28
21800290,10,18
21800271,10,7
21800206,10,21
21800192,10,15
21800174,10,27
21800100,10,20
21800069,10,19
21800055,10,9
21800041,10,17
21800019,10,6
21800008,10,2
21800250,18,28
21800235,18,22
21800191,18,20
21800177,18,7
21800170,18,26
21800156,18,5
21800089,18,23
21800079,18,14
21800054,18,27
21800030,18,17
21800270,20,2
21800253,20,15
21800253,20,15
21800253,20,15
21800253,20,15
21800253,20,15
21800253,20,15
21800253,20,15
21800253,20,15
21800253,20,15
21800253,20,15
21800253,20,15
21800253,20,15
21800253,20,15
21800253,20,15
21800253,20,15
21800253,20,15
21800242,20,25
21800218,20,12
21800168,20,17
21800125,20,21
21800113,20,11
21800088,20,29
21800078,20,17
21800029,20,24
21800014,20,30
21800289,28,20
21800265,28,9
21800224,28,11
21800205,28,18
21800134,28,20
21800118,28,3
21800104,28,21
21800083,28,1
21800018,28,27
21800269,27,15
21800251,27,14
21800186,27,24
21800143,27,30
21800105,27,26
21800090,27,28
21800068,27,1
21800028,27,6
21800007,27,29
21800291,16,27
21800244,16,19
21800220,16,23
21800194,16,12
21800179,16,20
21800158,16,8
21800102,16,7
21800080,16,25
21800020,16,29
21800252,17,26
21800252,17,26
21800252,17,26
21800252,17,26
21800252,17,26
21800252,17,26
21800252,17,26
21800252,17,26
21800252,17,26
21800252,17,26
21800252,17,26
21800252,17,26
21800252,17,26
21800252,17,26
21800252,17,26
21800252,17,26
21800239,17,6
21800225,17,20
21800149,17,29
21800126,17,2
21800111,17,4
21800096,17,18
21800067,17,30
21800003,17,13
21800288,29,17
21800268,29,6
21800254,29,10
21800254,29,10
21800254,29,10
21800254,29,10
21800254,29,10
21800254,29,10
21800254,29,10
21800254,29,10
21800254,29,10
21800254,29,10
21800254,29,10
21800254,29,10
21800254,29,10
21800254,29,10
21800254,29,10
21800254,29,10
21800243,29,11
21800169,29,21
21800155,29,27
21800128,29,18
21800114,29,23
21800076,29,30
21800052,29,19
21800263,12,23
21800263,12,23
21800263,12,23
21800263,12,23
21800263,12,23
21800263,12,23
21800263,12,23
21800263,12,23
21800263,12,23
21800263,12,23
21800263,12,23
21800263,12,23
21800263,12,23
21800263,12,23
21800263,12,23
21800263,12,23
21800172,12,6
21800160,12,19
21800146,12,10
21800122,12,16
21800045,12,16
21800024,12,1
21800292,23,12
21800247,23,4
21800197,23,5
21800183,23,22
21800173,23,9
21800161,23,10
21800073,23,7
21800061,23,16
21800011,23,12
21800293,14,11
21800188,14,6
21800165,14,11
21800152,14,13
21800138,14,9
21800132,14,22
21800116,14,15
21800046,14,7
21800034,14,5
21800016,14,22
21800266,11,16
21800215,11,5
21800198,11,1
21800175,11,13
21800148,11,9
21800086,11,7
21800039,11,3
21800025,11,4
21800012,11,8
21800258,3,21
21800258,3,21
21800258,3,21
21800258,3,21
21800258,3,21
21800258,3,21
21800258,3,21
21800258,3,21
21800258,3,21
21800258,3,21
21800258,3,21
21800258,3,21
21800258,3,21
21800258,3,21
21800258,3,21
21800258,3,21
21800231,3,23
21800213,3,1
21800185,3,26
21800101,3,14
21800070,3,11
21800057,3,12
21800009,3,15
21800279,2,3
21800256,2,22
21800256,2,22
21800256,2,22
21800256,2,22
21800256,2,22
21800256,2,22
21800256,2,22
21800256,2,22
21800256,2,22
21800256,2,22
21800256,2,22
21800256,2,22
21800256,2,22
21800256,2,22
21800256,2,22
21800256,2,22
21800199,2,17
21800153,2,4
21800112,2,8
21800097,2,29
21800077,2,26
21800053,2,28
21800036,2,29
21800280,7,15
21800249,7,11
21800237,7,14
21800219,7,28
21800203,7,2
21800190,7,24
21800135,7,27
21800119,7,4
21800027,7,10
21800015,7,18
21800246,15,5
21800228,15,8
21800222,15,27
21800176,15,25
21800159,15,30
21800075,15,12
21800072,15,28
21800050,15,11
21800022,15,23
21800281,9,30
21800260,9,8
21800260,9,8
21800260,9,8
21800260,9,8
21800260,9,8
21800260,9,8
21800260,9,8
21800260,9,8
21800260,9,8
21800260,9,8
21800260,9,8
21800260,9,8
21800260,9,8
21800260,9,8
21800260,9,8
21800260,9,8
21800234,9,16
21800221,9,14
21800208,9,15
21800195,9,28
21800107,9,12
21800093,9,22
21800071,9,13
21800043,9,26
21800021,9,2
21800273,30,18
21800257,30,25
21800257,30,25
21800257,30,25
21800257,30,25
21800257,30,25
21800257,30,25
21800257,30,25
21800257,30,25
21800257,30,25
21800257,30,25
21800257,30,25
21800257,30,25
21800257,30,25
21800257,30,25
21800257,30,25
21800257,30,25
21800230,30,10
21800193,30,19
21800178,30,2
21800129,30,3
21800120,30,26
21800106,30,8
21800091,30,1
21800056,30,17
21800031,30,21
21800283,19,6
21800261,19,28
21800261,19,28
21800261,19,28
21800261,19,28
21800261,19,28
21800261,19,28
21800261,19,28
21800261,19,28
21800261,19,28
21800261,19,28
21800261,19,28
21800261,19,28
21800261,19,28
21800261,19,28
21800261,19,28
21800261,19,28
21800232,19,1
21800210,19,12
21800181,19,4
21800150,19,7
21800121,19,27
21800084,19,12
21800044,19,30
21800032,19,9
21800255,6,27
21800255,6,27
21800255,6,27
21800255,6,27
21800255,6,27
21800255,6,27
21800255,6,27
21800255,6,27
21800255,6,27
21800255,6,27
21800255,6,27
21800255,6,27
21800255,6,27
21800255,6,27
21800255,6,27
21800255,6,27
21800229,6,12
21800216,6,10
21800204,6,30
21800115,6,13
21800099,6,21
21800040,6,24
21800282,4,8
21800274,4,17
21800209,4,27
21800196,4,25
21800163,4,3
21800144,4,15
21800103,4,11
21800085,4,25
21800065,4,6
21800037,4,23
21800276,8,24
21800214,8,29
21800200,8,3
21800187,8,13
21800171,8,28
21800145,8,6
21800131,8,12
21800095,8,15
21800051,8,23
21800038,8,1
21800033,8,25
21800262,5,16
21800262,5,16
21800262,5,16
21800262,5,16
21800262,5,16
21800262,5,16
21800262,5,16
21800262,5,16
21800262,5,16
21800262,5,16
21800262,5,16
21800262,5,16
21800262,5,16
21800262,5,16
21800262,5,16
21800262,5,16
21800238,5,1
21800180,5,3
21800137,5,24
21800130,5,15
21800094,5,19
21800082,5,22
21800058,5,26
21800010,5,9
21800284,13,5
21800275,13,25
21800259,13,14
21800259,13,14
21800259,13,14
21800259,13,14
21800259,13,14
21800259,13,14
21800259,13,14
21800259,13,14
21800259,13,14
21800259,13,14
21800259,13,14
21800259,13,14
21800259,13,14
21800259,13,14
21800259,13,14
21800259,13,14
21800245,13,8
21800223,13,30
21800207,13,16
21800133,13,23
21800092,13,10
21800081,13,24
21800059,13,20
21800042,13,27
21800023,13,26
21800285,1,23
21800277,1,14
21800264,1,4
21800264,1,4
21800264,1,4
21800264,1,4
21800264,1,4
21800264,1,4
21800264,1,4
21800264,1,4
21800264,1,4
21800264,1,4
21800264,1,4
21800264,1,4
21800264,1,4
21800264,1,4
21800264,1,4
21800264,1,4
21800201,1,29
21800182,1,28
21800166,1,13
21800147,1,16
21800124,1,9
21800108,1,15
21800062,1,7
21800047,1,25
21800272,26,5
21800241,26,12
21800226,26,29
21800217,26,18
21800157,26,20
21800141,26,3
21800127,26,6
21800087,26,14
21800026,26,28
21800005,26,16
